spread_id,fiscal_year,period_start,period_end,period_type,section,metric_name,value,units,status,classification,source_ids,input_ids,calculation,comparability_status,notes
S2S-0001,FY2021,2020-11-01,2021-10-31,duration,income_statement,revenue,1072.149,USD_millions,supported,reported,SRC-014,NF-0040,,pre_tyman,
S2S-0002,FY2021,2020-11-01,2021-10-31,duration,income_statement,cost_of_sales_excluding_depreciation_and_amortization,-831.541,USD_millions,supported,reported,SRC-014,NF-0041,,pre_tyman,
S2S-0003,FY2021,2020-11-01,2021-10-31,duration,income_statement,gross_profit,240.608,USD_millions,supported,calculated,SRC-014,CF-0175,revenue + cost_of_sales_excluding_depreciation_and_amortization,pre_tyman,Mechanical calculation; not an analyst adjustment.
S2S-0004,FY2021,2020-11-01,2021-10-31,duration,income_statement,selling_general_and_administrative,-115.967,USD_millions,supported,reported,SRC-014,NF-0042,,pre_tyman,
S2S-0005,FY2021,2020-11-01,2021-10-31,duration,income_statement,depreciation_and_amortization,-42.732,USD_millions,supported,reported,SRC-014,NF-0044,,pre_tyman,
S2S-0006,FY2021,2020-11-01,2021-10-31,duration,income_statement,goodwill_impairment_charges,0,USD_millions,not_separately_presented_assumed_zero,presentation_control,,,,pre_tyman,"No separate line in the selected statement; zero is used only for statement presentation, not for missing cash-flow items."
S2S-0007,FY2021,2020-11-01,2021-10-31,duration,income_statement,restructuring_charges,-0.039,USD_millions,supported,reported,SRC-014,NF-0043,,pre_tyman,
S2S-0008,FY2021,2020-11-01,2021-10-31,duration,income_statement,operating_income,81.87,USD_millions,supported,reported,SRC-014,NF-0045,,pre_tyman,
S2S-0009,FY2021,2020-11-01,2021-10-31,duration,income_statement,interest_expense,-2.53,USD_millions,supported,reported,SRC-014,NF-0046,,pre_tyman,
S2S-0010,FY2021,2020-11-01,2021-10-31,duration,income_statement,income_tax_expense,-23.114,USD_millions,supported,reported,SRC-014,NF-0047,,pre_tyman,
S2S-0011,FY2021,2020-11-01,2021-10-31,duration,income_statement,net_income,56.98,USD_millions,supported,reported,SRC-014,NF-0048,,pre_tyman,
S2S-0012,FY2021,2020-11-01,2021-10-31,duration,income_statement,other_income_expense,0.754,USD_millions,supported,calculated,SRC-014,NF-0048;NF-0047;NF-0045;NF-0046,pretax_income - operating_income - interest_expense,pre_tyman,
S2S-0013,FY2021,2020-11-01,2021-10-31,duration,income_statement,pretax_income,80.094,USD_millions,supported,calculated,SRC-014,NF-0048;NF-0047;NF-0045;NF-0046,net_income - income_tax_expense,pre_tyman,
S2S-0014,FY2021,2020-11-01,2021-10-31,duration,earnings,unadjusted_ebitda,124.602,USD_millions,supported,calculated,SRC-014,NF-0045;NF-0044,operating_income - normalized_negative_D&A,pre_tyman,"Company-style EBITDA excludes other, net; no credit adjustments included."
S2S-0015,FY2022,2021-11-01,2022-10-31,duration,income_statement,revenue,1221.502,USD_millions,supported,reported,SRC-014,NF-0031,,pre_tyman,
S2S-0016,FY2022,2021-11-01,2022-10-31,duration,income_statement,cost_of_sales_excluding_depreciation_and_amortization,-953.004,USD_millions,supported,reported,SRC-014,NF-0032,,pre_tyman,
S2S-0017,FY2022,2021-11-01,2022-10-31,duration,income_statement,gross_profit,268.498,USD_millions,supported,calculated,SRC-014,CF-0179,revenue + cost_of_sales_excluding_depreciation_and_amortization,pre_tyman,Mechanical calculation; not an analyst adjustment.
S2S-0018,FY2022,2021-11-01,2022-10-31,duration,income_statement,selling_general_and_administrative,-117.108,USD_millions,supported,reported,SRC-014,NF-0033,,pre_tyman,
S2S-0019,FY2022,2021-11-01,2022-10-31,duration,income_statement,depreciation_and_amortization,-40.109,USD_millions,supported,reported,SRC-014,NF-0035,,pre_tyman,
S2S-0020,FY2022,2021-11-01,2022-10-31,duration,income_statement,goodwill_impairment_charges,0,USD_millions,not_separately_presented_assumed_zero,presentation_control,,,,pre_tyman,"No separate line in the selected statement; zero is used only for statement presentation, not for missing cash-flow items."
S2S-0021,FY2022,2021-11-01,2022-10-31,duration,income_statement,restructuring_charges,-0,USD_millions,supported,reported,SRC-014,NF-0034,,pre_tyman,
S2S-0022,FY2022,2021-11-01,2022-10-31,duration,income_statement,operating_income,111.281,USD_millions,supported,reported,SRC-014,NF-0036,,pre_tyman,
S2S-0023,FY2022,2021-11-01,2022-10-31,duration,income_statement,interest_expense,-2.559,USD_millions,supported,reported,SRC-014,NF-0037,,pre_tyman,
S2S-0024,FY2022,2021-11-01,2022-10-31,duration,income_statement,income_tax_expense,-21.427,USD_millions,supported,reported,SRC-014,NF-0038,,pre_tyman,
S2S-0025,FY2022,2021-11-01,2022-10-31,duration,income_statement,net_income,88.336,USD_millions,supported,reported,SRC-014,NF-0039,,pre_tyman,
S2S-0026,FY2022,2021-11-01,2022-10-31,duration,income_statement,other_income_expense,1.041,USD_millions,supported,calculated,SRC-014,NF-0039;NF-0038;NF-0036;NF-0037,pretax_income - operating_income - interest_expense,pre_tyman,
S2S-0027,FY2022,2021-11-01,2022-10-31,duration,income_statement,pretax_income,109.763,USD_millions,supported,calculated,SRC-014,NF-0039;NF-0038;NF-0036;NF-0037,net_income - income_tax_expense,pre_tyman,
S2S-0028,FY2022,2021-11-01,2022-10-31,duration,earnings,unadjusted_ebitda,151.39,USD_millions,supported,calculated,SRC-014,NF-0036;NF-0035,operating_income - normalized_negative_D&A,pre_tyman,"Company-style EBITDA excludes other, net; no credit adjustments included."
S2S-0029,FY2023,2022-11-01,2023-10-31,duration,income_statement,revenue,1130.583,USD_millions,supported,reported,SRC-001,NF-0021,,pre_tyman_includes_lmi_from_2022_11_01,
S2S-0030,FY2023,2022-11-01,2023-10-31,duration,income_statement,cost_of_sales_excluding_depreciation_and_amortization,-853.059,USD_millions,supported,reported,SRC-001,NF-0022,,pre_tyman_includes_lmi_from_2022_11_01,
S2S-0031,FY2023,2022-11-01,2023-10-31,duration,income_statement,gross_profit,277.524,USD_millions,supported,calculated,SRC-001,CF-0183,revenue + cost_of_sales_excluding_depreciation_and_amortization,pre_tyman_includes_lmi_from_2022_11_01,Mechanical calculation; not an analyst adjustment.
S2S-0032,FY2023,2022-11-01,2023-10-31,duration,income_statement,selling_general_and_administrative,-123.957,USD_millions,supported,reported,SRC-001,NF-0023,,pre_tyman_includes_lmi_from_2022_11_01,
S2S-0033,FY2023,2022-11-01,2023-10-31,duration,income_statement,depreciation_and_amortization,-42.866,USD_millions,supported,reported,SRC-001,NF-0025,,pre_tyman_includes_lmi_from_2022_11_01,
S2S-0034,FY2023,2022-11-01,2023-10-31,duration,income_statement,goodwill_impairment_charges,-0,USD_millions,supported,reported,SRC-001,NF-0026,,pre_tyman_includes_lmi_from_2022_11_01,
S2S-0035,FY2023,2022-11-01,2023-10-31,duration,income_statement,restructuring_charges,-0,USD_millions,supported,reported,SRC-001,NF-0024,,pre_tyman_includes_lmi_from_2022_11_01,
S2S-0036,FY2023,2022-11-01,2023-10-31,duration,income_statement,operating_income,110.701,USD_millions,supported,reported,SRC-001,NF-0027,,pre_tyman_includes_lmi_from_2022_11_01,
S2S-0037,FY2023,2022-11-01,2023-10-31,duration,income_statement,interest_expense,-8.136,USD_millions,supported,reported,SRC-001,NF-0028,,pre_tyman_includes_lmi_from_2022_11_01,
S2S-0038,FY2023,2022-11-01,2023-10-31,duration,income_statement,income_tax_expense,-14.545,USD_millions,supported,reported,SRC-001,NF-0029,,pre_tyman_includes_lmi_from_2022_11_01,
S2S-0039,FY2023,2022-11-01,2023-10-31,duration,income_statement,net_income,82.501,USD_millions,supported,reported,SRC-001,NF-0030,,pre_tyman_includes_lmi_from_2022_11_01,
S2S-0040,FY2023,2022-11-01,2023-10-31,duration,income_statement,other_income_expense,-5.519,USD_millions,supported,calculated,SRC-001,NF-0030;NF-0029;NF-0027;NF-0028,pretax_income - operating_income - interest_expense,pre_tyman_includes_lmi_from_2022_11_01,
S2S-0041,FY2023,2022-11-01,2023-10-31,duration,income_statement,pretax_income,97.046,USD_millions,supported,calculated,SRC-001,NF-0030;NF-0029;NF-0027;NF-0028,net_income - income_tax_expense,pre_tyman_includes_lmi_from_2022_11_01,
S2S-0042,FY2023,2022-11-01,2023-10-31,duration,earnings,unadjusted_ebitda,153.567,USD_millions,supported,calculated,SRC-001,NF-0027;NF-0025,operating_income - normalized_negative_D&A,pre_tyman_includes_lmi_from_2022_11_01,"Company-style EBITDA excludes other, net; no credit adjustments included."
S2S-0043,FY2024,2023-11-01,2024-10-31,duration,income_statement,revenue,1277.862,USD_millions,supported,reported,SRC-001,NF-0011,,mixed_perimeter_includes_three_months_tyman,
S2S-0044,FY2024,2023-11-01,2024-10-31,duration,income_statement,cost_of_sales_excluding_depreciation_and_amortization,-972.238,USD_millions,supported,reported,SRC-001,NF-0012,,mixed_perimeter_includes_three_months_tyman,
S2S-0045,FY2024,2023-11-01,2024-10-31,duration,income_statement,gross_profit,305.624,USD_millions,supported,calculated,SRC-001,CF-0187,revenue + cost_of_sales_excluding_depreciation_and_amortization,mixed_perimeter_includes_three_months_tyman,Mechanical calculation; not an analyst adjustment.
S2S-0046,FY2024,2023-11-01,2024-10-31,duration,income_statement,selling_general_and_administrative,-190.47,USD_millions,supported,reported,SRC-001,NF-0013,,mixed_perimeter_includes_three_months_tyman,
S2S-0047,FY2024,2023-11-01,2024-10-31,duration,income_statement,depreciation_and_amortization,-60.328,USD_millions,supported,reported,SRC-001,NF-0015,,mixed_perimeter_includes_three_months_tyman,
S2S-0048,FY2024,2023-11-01,2024-10-31,duration,income_statement,goodwill_impairment_charges,-0,USD_millions,supported,reported,SRC-001,NF-0016,,mixed_perimeter_includes_three_months_tyman,
S2S-0049,FY2024,2023-11-01,2024-10-31,duration,income_statement,restructuring_charges,-0,USD_millions,supported,reported,SRC-001,NF-0014,,mixed_perimeter_includes_three_months_tyman,
S2S-0050,FY2024,2023-11-01,2024-10-31,duration,income_statement,operating_income,54.826,USD_millions,supported,reported,SRC-001,NF-0017,,mixed_perimeter_includes_three_months_tyman,
S2S-0051,FY2024,2023-11-01,2024-10-31,duration,income_statement,interest_expense,-20.593,USD_millions,supported,reported,SRC-001,NF-0018,,mixed_perimeter_includes_three_months_tyman,
S2S-0052,FY2024,2023-11-01,2024-10-31,duration,income_statement,income_tax_expense,-9.023,USD_millions,supported,reported,SRC-001,NF-0019,,mixed_perimeter_includes_three_months_tyman,
S2S-0053,FY2024,2023-11-01,2024-10-31,duration,income_statement,net_income,33.059,USD_millions,supported,reported,SRC-001,NF-0020,,mixed_perimeter_includes_three_months_tyman,
S2S-0054,FY2024,2023-11-01,2024-10-31,duration,income_statement,other_income_expense,7.849,USD_millions,supported,calculated,SRC-001,NF-0020;NF-0019;NF-0017;NF-0018,pretax_income - operating_income - interest_expense,mixed_perimeter_includes_three_months_tyman,
S2S-0055,FY2024,2023-11-01,2024-10-31,duration,income_statement,pretax_income,42.082,USD_millions,supported,calculated,SRC-001,NF-0020;NF-0019;NF-0017;NF-0018,net_income - income_tax_expense,mixed_perimeter_includes_three_months_tyman,
S2S-0056,FY2024,2023-11-01,2024-10-31,duration,earnings,unadjusted_ebitda,115.154,USD_millions,supported,calculated,SRC-001,NF-0017;NF-0015,operating_income - normalized_negative_D&A,mixed_perimeter_includes_three_months_tyman,"Company-style EBITDA excludes other, net; no credit adjustments included."
S2S-0057,FY2025,2024-11-01,2025-10-31,duration,income_statement,revenue,1837.641,USD_millions,supported,reported,SRC-001,NF-0001,,first_full_post_tyman_year_with_integration_effects,
S2S-0058,FY2025,2024-11-01,2025-10-31,duration,income_statement,cost_of_sales_excluding_depreciation_and_amortization,-1338.413,USD_millions,supported,reported,SRC-001,NF-0002,,first_full_post_tyman_year_with_integration_effects,
S2S-0059,FY2025,2024-11-01,2025-10-31,duration,income_statement,gross_profit,499.228,USD_millions,supported,calculated,SRC-001,CF-0191,revenue + cost_of_sales_excluding_depreciation_and_amortization,first_full_post_tyman_year_with_integration_effects,Mechanical calculation; not an analyst adjustment.
S2S-0060,FY2025,2024-11-01,2025-10-31,duration,income_statement,selling_general_and_administrative,-277.261,USD_millions,supported,reported,SRC-001,NF-0003,,first_full_post_tyman_year_with_integration_effects,
S2S-0061,FY2025,2024-11-01,2025-10-31,duration,income_statement,depreciation_and_amortization,-103.444,USD_millions,supported,reported,SRC-001,NF-0005,,first_full_post_tyman_year_with_integration_effects,
S2S-0062,FY2025,2024-11-01,2025-10-31,duration,income_statement,goodwill_impairment_charges,-302.284,USD_millions,supported,reported,SRC-001,NF-0006,,first_full_post_tyman_year_with_integration_effects,
S2S-0063,FY2025,2024-11-01,2025-10-31,duration,income_statement,restructuring_charges,-10.191,USD_millions,supported,reported,SRC-001,NF-0004,,first_full_post_tyman_year_with_integration_effects,
S2S-0064,FY2025,2024-11-01,2025-10-31,duration,income_statement,operating_income,-193.952,USD_millions,supported,reported,SRC-001,NF-0007,,first_full_post_tyman_year_with_integration_effects,
S2S-0065,FY2025,2024-11-01,2025-10-31,duration,income_statement,interest_expense,-55.812,USD_millions,supported,reported,SRC-001,NF-0008,,first_full_post_tyman_year_with_integration_effects,
S2S-0066,FY2025,2024-11-01,2025-10-31,duration,income_statement,income_tax_expense,-8.213,USD_millions,supported,reported,SRC-001,NF-0009,,first_full_post_tyman_year_with_integration_effects,
S2S-0067,FY2025,2024-11-01,2025-10-31,duration,income_statement,net_income,-250.806,USD_millions,supported,reported,SRC-001,NF-0010,,first_full_post_tyman_year_with_integration_effects,
S2S-0068,FY2025,2024-11-01,2025-10-31,duration,income_statement,other_income_expense,7.171,USD_millions,supported,calculated,SRC-001,NF-0010;NF-0009;NF-0007;NF-0008,pretax_income - operating_income - interest_expense,first_full_post_tyman_year_with_integration_effects,
S2S-0069,FY2025,2024-11-01,2025-10-31,duration,income_statement,pretax_income,-242.593,USD_millions,supported,calculated,SRC-001,NF-0010;NF-0009;NF-0007;NF-0008,net_income - income_tax_expense,first_full_post_tyman_year_with_integration_effects,
S2S-0070,FY2025,2024-11-01,2025-10-31,duration,earnings,unadjusted_ebitda,-90.508,USD_millions,supported,calculated,SRC-001,NF-0007;NF-0005,operating_income - normalized_negative_D&A,first_full_post_tyman_year_with_integration_effects,"Company-style EBITDA excludes other, net; no credit adjustments included."
S2S-0071,FY2021,,2021-10-31,instant,balance_sheet,cash_and_cash_equivalents,40.061,USD_millions,supported,reported,SRC-014,NF-0148,,pre_tyman,
S2S-0072,FY2021,,2021-10-31,instant,balance_sheet,accounts_receivable,108.309,USD_millions,supported,reported,SRC-014,NF-0149,,pre_tyman,
S2S-0073,FY2021,,2021-10-31,instant,balance_sheet,inventory,92.529,USD_millions,supported,reported,SRC-014,NF-0150,,pre_tyman,
S2S-0074,FY2021,,2021-10-31,instant,balance_sheet,accounts_payable,86.765,USD_millions,supported,reported,SRC-014,NF-0157,,pre_tyman,
S2S-0075,FY2021,,2021-10-31,instant,balance_sheet,current_assets,249.047,USD_millions,supported,reported,SRC-014,NF-0152,,pre_tyman,
S2S-0076,FY2021,,2021-10-31,instant,balance_sheet,current_liabilities,158.001,USD_millions,supported,reported,SRC-014,NF-0162,,pre_tyman,
S2S-0077,FY2021,,2021-10-31,instant,balance_sheet,property_plant_and_equipment_net,178.63,USD_millions,supported,reported,SRC-014,NF-0153,,pre_tyman,
S2S-0078,FY2021,,2021-10-31,instant,balance_sheet,goodwill,149.205,USD_millions,supported,reported,SRC-014,NF-0155,,pre_tyman,
S2S-0079,FY2021,,2021-10-31,instant,balance_sheet,intangible_assets_net,82.41,USD_millions,supported,reported,SRC-014,NF-0156,,pre_tyman,
S2S-0080,FY2021,,2021-10-31,instant,balance_sheet,current_maturities_of_long_term_debt,0.846,USD_millions,supported,reported,SRC-014,NF-0160,,pre_tyman,
S2S-0081,FY2021,,2021-10-31,instant,balance_sheet,long_term_debt,52.094,USD_millions,supported,reported,SRC-014,NF-0163,,pre_tyman,
S2S-0082,FY2021,,2021-10-31,instant,balance_sheet,current_operating_lease_liabilities,8.196,USD_millions,supported,reported,SRC-014,NF-0161,,pre_tyman,
S2S-0083,FY2021,,2021-10-31,instant,balance_sheet,noncurrent_operating_lease_liabilities,45.367,USD_millions,supported,reported,SRC-014,NF-0164,,pre_tyman,
S2S-0084,FY2021,,2021-10-31,instant,balance_sheet,total_operating_lease_liabilities,53.563,USD_millions,supported,calculated,SRC-014,CF-0178,current_operating_lease_liabilities + noncurrent_operating_lease_liabilities,pre_tyman,Mechanical calculation; not an analyst adjustment.
S2S-0085,FY2021,,2021-10-31,instant,balance_sheet,total_assets,717.323,USD_millions,supported,reported_supplemental_extract,SRC-014,S2R-0001,,pre_tyman,
S2S-0086,FY2021,,2021-10-31,instant,balance_sheet,total_liabilities,297.541,USD_millions,supported,reported_supplemental_extract,SRC-014,S2R-0002,,pre_tyman,
S2S-0087,FY2021,,2021-10-31,instant,balance_sheet,shareholders_equity,419.782,USD_millions,supported,reported_supplemental_extract,SRC-014,S2R-0003,,pre_tyman,
S2S-0088,FY2021,,2021-10-31,instant,balance_sheet,other_presented_current_assets,8.148,USD_millions,supported,calculated,SRC-014,NF-0151,sum of separately presented other current asset lines,pre_tyman,Presentation changed in FY2024-FY2025; components remain preserved in Phase 1.
S2S-0089,FY2021,,2021-10-31,instant,balance_sheet,other_presented_operating_current_liabilities,62.194,USD_millions,supported,calculated,SRC-014,NF-0158;NF-0159,accrued_liabilities + income_taxes_payable,pre_tyman,
S2S-0090,FY2022,,2022-10-31,instant,balance_sheet,cash_and_cash_equivalents,55.093,USD_millions,supported,reported,SRC-014,NF-0131,,pre_tyman,
S2S-0091,FY2022,,2022-10-31,instant,balance_sheet,accounts_receivable,96.018,USD_millions,supported,reported,SRC-014,NF-0132,,pre_tyman,
S2S-0092,FY2022,,2022-10-31,instant,balance_sheet,inventory,120.89,USD_millions,supported,reported,SRC-014,NF-0133,,pre_tyman,
S2S-0093,FY2022,,2022-10-31,instant,balance_sheet,accounts_payable,77.907,USD_millions,supported,reported,SRC-014,NF-0140,,pre_tyman,
S2S-0094,FY2022,,2022-10-31,instant,balance_sheet,current_assets,280.665,USD_millions,supported,reported,SRC-014,NF-0135,,pre_tyman,
S2S-0095,FY2022,,2022-10-31,instant,balance_sheet,current_liabilities,139.843,USD_millions,supported,reported,SRC-014,NF-0145,,pre_tyman,
S2S-0096,FY2022,,2022-10-31,instant,balance_sheet,property_plant_and_equipment_net,180.4,USD_millions,supported,reported,SRC-014,NF-0136,,pre_tyman,
S2S-0097,FY2022,,2022-10-31,instant,balance_sheet,goodwill,137.855,USD_millions,supported,reported,SRC-014,NF-0138,,pre_tyman,
S2S-0098,FY2022,,2022-10-31,instant,balance_sheet,intangible_assets_net,65.035,USD_millions,supported,reported,SRC-014,NF-0139,,pre_tyman,
S2S-0099,FY2022,,2022-10-31,instant,balance_sheet,current_maturities_of_long_term_debt,1.046,USD_millions,supported,reported,SRC-014,NF-0143,,pre_tyman,
S2S-0100,FY2022,,2022-10-31,instant,balance_sheet,long_term_debt,29.628,USD_millions,supported,reported,SRC-014,NF-0146,,pre_tyman,
S2S-0101,FY2022,,2022-10-31,instant,balance_sheet,current_operating_lease_liabilities,7.727,USD_millions,supported,reported,SRC-014,NF-0144,,pre_tyman,
S2S-0102,FY2022,,2022-10-31,instant,balance_sheet,noncurrent_operating_lease_liabilities,49.286,USD_millions,supported,reported,SRC-014,NF-0147,,pre_tyman,
S2S-0103,FY2022,,2022-10-31,instant,balance_sheet,total_operating_lease_liabilities,57.013,USD_millions,supported,calculated,SRC-014,CF-0182,current_operating_lease_liabilities + noncurrent_operating_lease_liabilities,pre_tyman,Mechanical calculation; not an analyst adjustment.
S2S-0104,FY2022,,2022-10-31,instant,balance_sheet,total_assets,724.617,USD_millions,supported,reported_supplemental_extract,SRC-014,S2R-0004,,pre_tyman,
S2S-0105,FY2022,,2022-10-31,instant,balance_sheet,total_liabilities,259.782,USD_millions,supported,reported_supplemental_extract,SRC-014,S2R-0005,,pre_tyman,
S2S-0106,FY2022,,2022-10-31,instant,balance_sheet,shareholders_equity,464.835,USD_millions,supported,reported_supplemental_extract,SRC-014,S2R-0006,,pre_tyman,
S2S-0107,FY2022,,2022-10-31,instant,balance_sheet,other_presented_current_assets,8.664,USD_millions,supported,calculated,SRC-014,NF-0134,sum of separately presented other current asset lines,pre_tyman,Presentation changed in FY2024-FY2025; components remain preserved in Phase 1.
S2S-0108,FY2022,,2022-10-31,instant,balance_sheet,other_presented_operating_current_liabilities,53.163,USD_millions,supported,calculated,SRC-014,NF-0141;NF-0142,accrued_liabilities + income_taxes_payable,pre_tyman,
S2S-0109,FY2023,,2023-10-31,instant,balance_sheet,cash_and_cash_equivalents,58.474,USD_millions,supported,reported,SRC-012,NF-0112,,pre_tyman_includes_lmi_from_2022_11_01,
S2S-0110,FY2023,,2023-10-31,instant,balance_sheet,accounts_receivable,97.311,USD_millions,supported,reported,SRC-012,NF-0114,,pre_tyman_includes_lmi_from_2022_11_01,
S2S-0111,FY2023,,2023-10-31,instant,balance_sheet,inventory,97.959,USD_millions,supported,reported,SRC-012,NF-0115,,pre_tyman_includes_lmi_from_2022_11_01,
S2S-0112,FY2023,,2023-10-31,instant,balance_sheet,accounts_payable,74.371,USD_millions,supported,reported,SRC-012,NF-0123,,pre_tyman_includes_lmi_from_2022_11_01,
S2S-0113,FY2023,,2023-10-31,instant,balance_sheet,current_assets,273.6,USD_millions,supported,reported,SRC-012,NF-0118,,pre_tyman_includes_lmi_from_2022_11_01,
S2S-0114,FY2023,,2023-10-31,instant,balance_sheet,current_liabilities,134.663,USD_millions,supported,reported,SRC-012,NF-0128,,pre_tyman_includes_lmi_from_2022_11_01,
S2S-0115,FY2023,,2023-10-31,instant,balance_sheet,property_plant_and_equipment_net,250.664,USD_millions,supported,reported,SRC-012,NF-0119,,pre_tyman_includes_lmi_from_2022_11_01,
S2S-0116,FY2023,,2023-10-31,instant,balance_sheet,goodwill,182.956,USD_millions,supported,reported,SRC-012,NF-0121,,pre_tyman_includes_lmi_from_2022_11_01,
S2S-0117,FY2023,,2023-10-31,instant,balance_sheet,intangible_assets_net,74.115,USD_millions,supported,reported,SRC-012,NF-0122,,pre_tyman_includes_lmi_from_2022_11_01,
S2S-0118,FY2023,,2023-10-31,instant,balance_sheet,current_maturities_of_long_term_debt,2.365,USD_millions,supported,reported,SRC-012,NF-0126,,pre_tyman_includes_lmi_from_2022_11_01,
S2S-0119,FY2023,,2023-10-31,instant,balance_sheet,long_term_debt,66.435,USD_millions,supported,reported,SRC-012,NF-0129,,pre_tyman_includes_lmi_from_2022_11_01,
S2S-0120,FY2023,,2023-10-31,instant,balance_sheet,current_operating_lease_liabilities,7.224,USD_millions,supported,reported,SRC-012,NF-0127,,pre_tyman_includes_lmi_from_2022_11_01,
S2S-0121,FY2023,,2023-10-31,instant,balance_sheet,noncurrent_operating_lease_liabilities,40.361,USD_millions,supported,reported,SRC-012,NF-0130,,pre_tyman_includes_lmi_from_2022_11_01,
S2S-0122,FY2023,,2023-10-31,instant,balance_sheet,total_operating_lease_liabilities,47.585,USD_millions,supported,calculated,SRC-012,CF-0186,current_operating_lease_liabilities + noncurrent_operating_lease_liabilities,pre_tyman_includes_lmi_from_2022_11_01,Mechanical calculation; not an analyst adjustment.
S2S-0123,FY2023,,2023-10-31,instant,balance_sheet,total_assets,831.143,USD_millions,supported,reported_supplemental_extract,SRC-012,S2R-0007,,pre_tyman_includes_lmi_from_2022_11_01,
S2S-0124,FY2023,,2023-10-31,instant,balance_sheet,total_liabilities,285.589,USD_millions,supported,reported_supplemental_extract,SRC-012,S2R-0008,,pre_tyman_includes_lmi_from_2022_11_01,
S2S-0125,FY2023,,2023-10-31,instant,balance_sheet,shareholders_equity,545.554,USD_millions,supported,reported_supplemental_extract,SRC-012,S2R-0009,,pre_tyman_includes_lmi_from_2022_11_01,
S2S-0126,FY2023,,2023-10-31,instant,balance_sheet,other_presented_current_assets,19.856,USD_millions,supported,calculated,SRC-012,NF-0117;NF-0116,sum of separately presented other current asset lines,pre_tyman_includes_lmi_from_2022_11_01,Presentation changed in FY2024-FY2025; components remain preserved in Phase 1.
S2S-0127,FY2023,,2023-10-31,instant,balance_sheet,other_presented_operating_current_liabilities,50.703,USD_millions,supported,calculated,SRC-012,NF-0124;NF-0125,accrued_liabilities + income_taxes_payable,pre_tyman_includes_lmi_from_2022_11_01,
S2S-0128,FY2024,,2024-10-31,instant,balance_sheet,cash_and_cash_equivalents,97.744,USD_millions,supported,reported,SRC-001,NF-0092,,mixed_perimeter_includes_three_months_tyman,
S2S-0129,FY2024,,2024-10-31,instant,balance_sheet,accounts_receivable,197.689,USD_millions,supported,reported,SRC-001,NF-0094,,mixed_perimeter_includes_three_months_tyman,
S2S-0130,FY2024,,2024-10-31,instant,balance_sheet,inventory,275.55,USD_millions,supported,reported,SRC-001,NF-0095,,mixed_perimeter_includes_three_months_tyman,
S2S-0131,FY2024,,2024-10-31,instant,balance_sheet,accounts_payable,124.404,USD_millions,supported,reported,SRC-001,NF-0104,,mixed_perimeter_includes_three_months_tyman,
S2S-0132,FY2024,,2024-10-31,instant,balance_sheet,current_assets,611.268,USD_millions,supported,reported,SRC-001,NF-0099,,mixed_perimeter_includes_three_months_tyman,
S2S-0133,FY2024,,2024-10-31,instant,balance_sheet,current_liabilities,272.867,USD_millions,supported,reported,SRC-001,NF-0109,,mixed_perimeter_includes_three_months_tyman,
S2S-0134,FY2024,,2024-10-31,instant,balance_sheet,property_plant_and_equipment_net,402.466,USD_millions,supported,reported,SRC-001,NF-0100,,mixed_perimeter_includes_three_months_tyman,
S2S-0135,FY2024,,2024-10-31,instant,balance_sheet,goodwill,574.711,USD_millions,supported,reported,SRC-001,NF-0102,,mixed_perimeter_includes_three_months_tyman,
S2S-0136,FY2024,,2024-10-31,instant,balance_sheet,intangible_assets_net,597.909,USD_millions,supported,reported,SRC-001,NF-0103,,mixed_perimeter_includes_three_months_tyman,
S2S-0137,FY2024,,2024-10-31,instant,balance_sheet,current_maturities_of_long_term_debt,25.745,USD_millions,supported,reported,SRC-001,NF-0107,,mixed_perimeter_includes_three_months_tyman,
S2S-0138,FY2024,,2024-10-31,instant,balance_sheet,long_term_debt,737.198,USD_millions,supported,reported,SRC-001,NF-0110,,mixed_perimeter_includes_three_months_tyman,
S2S-0139,FY2024,,2024-10-31,instant,balance_sheet,current_operating_lease_liabilities,12.475,USD_millions,supported,reported,SRC-001,NF-0108,,mixed_perimeter_includes_three_months_tyman,
S2S-0140,FY2024,,2024-10-31,instant,balance_sheet,noncurrent_operating_lease_liabilities,117.56,USD_millions,supported,reported,SRC-001,NF-0111,,mixed_perimeter_includes_three_months_tyman,
S2S-0141,FY2024,,2024-10-31,instant,balance_sheet,total_operating_lease_liabilities,130.035,USD_millions,supported,calculated,SRC-001,CF-0190,current_operating_lease_liabilities + noncurrent_operating_lease_liabilities,mixed_perimeter_includes_three_months_tyman,Mechanical calculation; not an analyst adjustment.
S2S-0142,FY2024,,2024-10-31,instant,balance_sheet,total_assets,2319.788,USD_millions,supported,reported_supplemental_extract,SRC-001,S2R-0010,,mixed_perimeter_includes_three_months_tyman,
S2S-0143,FY2024,,2024-10-31,instant,balance_sheet,total_liabilities,1309.042,USD_millions,supported,reported_supplemental_extract,SRC-001,S2R-0011,,mixed_perimeter_includes_three_months_tyman,
S2S-0144,FY2024,,2024-10-31,instant,balance_sheet,shareholders_equity,1010.746,USD_millions,supported,reported_supplemental_extract,SRC-001,S2R-0012,,mixed_perimeter_includes_three_months_tyman,
S2S-0145,FY2024,,2024-10-31,instant,balance_sheet,other_presented_current_assets,35.034,USD_millions,supported,calculated,SRC-001,NF-0097;NF-0098;NF-0096,sum of separately presented other current asset lines,mixed_perimeter_includes_three_months_tyman,Presentation changed in FY2024-FY2025; components remain preserved in Phase 1.
S2S-0146,FY2024,,2024-10-31,instant,balance_sheet,other_presented_operating_current_liabilities,110.243,USD_millions,supported,calculated,SRC-001,NF-0105;NF-0106,accrued_liabilities + income_taxes_payable,mixed_perimeter_includes_three_months_tyman,
S2S-0147,FY2025,,2025-10-31,instant,balance_sheet,cash_and_cash_equivalents,76.018,USD_millions,supported,reported,SRC-001,NF-0072,,first_full_post_tyman_year_with_integration_effects,
S2S-0148,FY2025,,2025-10-31,instant,balance_sheet,accounts_receivable,205.384,USD_millions,supported,reported,SRC-001,NF-0074,,first_full_post_tyman_year_with_integration_effects,
S2S-0149,FY2025,,2025-10-31,instant,balance_sheet,inventory,254.122,USD_millions,supported,reported,SRC-001,NF-0075,,first_full_post_tyman_year_with_integration_effects,
S2S-0150,FY2025,,2025-10-31,instant,balance_sheet,accounts_payable,131.307,USD_millions,supported,reported,SRC-001,NF-0084,,first_full_post_tyman_year_with_integration_effects,
S2S-0151,FY2025,,2025-10-31,instant,balance_sheet,current_assets,573.775,USD_millions,supported,reported,SRC-001,NF-0079,,first_full_post_tyman_year_with_integration_effects,
S2S-0152,FY2025,,2025-10-31,instant,balance_sheet,current_liabilities,281.545,USD_millions,supported,reported,SRC-001,NF-0089,,first_full_post_tyman_year_with_integration_effects,
S2S-0153,FY2025,,2025-10-31,instant,balance_sheet,property_plant_and_equipment_net,411.591,USD_millions,supported,reported,SRC-001,NF-0080,,first_full_post_tyman_year_with_integration_effects,
S2S-0154,FY2025,,2025-10-31,instant,balance_sheet,goodwill,271.346,USD_millions,supported,reported,SRC-001,NF-0082,,first_full_post_tyman_year_with_integration_effects,
S2S-0155,FY2025,,2025-10-31,instant,balance_sheet,intangible_assets_net,549.137,USD_millions,supported,reported,SRC-001,NF-0083,,first_full_post_tyman_year_with_integration_effects,
S2S-0156,FY2025,,2025-10-31,instant,balance_sheet,current_maturities_of_long_term_debt,27.561,USD_millions,supported,reported,SRC-001,NF-0087,,first_full_post_tyman_year_with_integration_effects,
S2S-0157,FY2025,,2025-10-31,instant,balance_sheet,long_term_debt,665.268,USD_millions,supported,reported,SRC-001,NF-0090,,first_full_post_tyman_year_with_integration_effects,
S2S-0158,FY2025,,2025-10-31,instant,balance_sheet,current_operating_lease_liabilities,15.446,USD_millions,supported,reported,SRC-001,NF-0088,,first_full_post_tyman_year_with_integration_effects,
S2S-0159,FY2025,,2025-10-31,instant,balance_sheet,noncurrent_operating_lease_liabilities,145.459,USD_millions,supported,reported,SRC-001,NF-0091,,first_full_post_tyman_year_with_integration_effects,
S2S-0160,FY2025,,2025-10-31,instant,balance_sheet,total_operating_lease_liabilities,160.905,USD_millions,supported,calculated,SRC-001,CF-0194,current_operating_lease_liabilities + noncurrent_operating_lease_liabilities,first_full_post_tyman_year_with_integration_effects,Mechanical calculation; not an analyst adjustment.
S2S-0161,FY2025,,2025-10-31,instant,balance_sheet,total_assets,1968.233,USD_millions,supported,reported_supplemental_extract,SRC-001,S2R-0013,,first_full_post_tyman_year_with_integration_effects,
S2S-0162,FY2025,,2025-10-31,instant,balance_sheet,total_liabilities,1242.054,USD_millions,supported,reported_supplemental_extract,SRC-001,S2R-0014,,first_full_post_tyman_year_with_integration_effects,
S2S-0163,FY2025,,2025-10-31,instant,balance_sheet,shareholders_equity,726.179,USD_millions,supported,reported_supplemental_extract,SRC-001,S2R-0015,,first_full_post_tyman_year_with_integration_effects,
S2S-0164,FY2025,,2025-10-31,instant,balance_sheet,other_presented_current_assets,36.151,USD_millions,supported,calculated,SRC-001,NF-0077;NF-0078;NF-0076,sum of separately presented other current asset lines,first_full_post_tyman_year_with_integration_effects,Presentation changed in FY2024-FY2025; components remain preserved in Phase 1.
S2S-0165,FY2025,,2025-10-31,instant,balance_sheet,other_presented_operating_current_liabilities,107.231,USD_millions,supported,calculated,SRC-001,NF-0085;NF-0086,accrued_liabilities + income_taxes_payable,first_full_post_tyman_year_with_integration_effects,
S2S-0166,FY2021,2020-11-01,2021-10-31,duration,cash_flow,cash_flow_net_income,56.98,USD_millions,supported,reported,SRC-014,NF-0048,,pre_tyman,
S2S-0167,FY2021,2020-11-01,2021-10-31,duration,cash_flow,cash_flow_depreciation_and_amortization,42.732,USD_millions,supported,reported_supplemental_extract,SRC-014,S2R-0016,,pre_tyman,
S2S-0168,FY2021,2020-11-01,2021-10-31,duration,cash_flow,goodwill_impairment_noncash,0,USD_millions,supported,reported_supplemental_extract,SRC-014,S2R-0021,,pre_tyman,
S2S-0169,FY2021,2020-11-01,2021-10-31,duration,cash_flow,stock_based_compensation,1.97,USD_millions,supported,reported_supplemental_extract,SRC-014,S2R-0018,,pre_tyman,
S2S-0170,FY2021,2020-11-01,2021-10-31,duration,cash_flow,deferred_income_taxes,1.785,USD_millions,supported,reported_supplemental_extract,SRC-014,S2R-0019,,pre_tyman,
S2S-0171,FY2021,2020-11-01,2021-10-31,duration,cash_flow,gain_loss_on_disposition_noncash,3.039,USD_millions,supported,reported_supplemental_extract,SRC-014,S2R-0017,,pre_tyman,
S2S-0172,FY2021,2020-11-01,2021-10-31,duration,cash_flow,deferred_loan_costs_charge,0,USD_millions,supported,reported_supplemental_extract,SRC-014,S2R-0020,,pre_tyman,
S2S-0173,FY2021,2020-11-01,2021-10-31,duration,cash_flow,fx_forward_gain_noncash,0,USD_millions,supported,reported_supplemental_extract,SRC-014,S2R-0022,,pre_tyman,
S2S-0174,FY2021,2020-11-01,2021-10-31,duration,cash_flow,noncash_restructuring,,USD_millions,not_separately_presented_not_zero,missing_control,,,,pre_tyman,Omitted from the selected presentation; not converted to zero.
S2S-0175,FY2021,2020-11-01,2021-10-31,duration,cash_flow,other_noncash_operating,2.126,USD_millions,supported,reported_supplemental_extract,SRC-014,S2R-0023,,pre_tyman,
S2S-0176,FY2021,2020-11-01,2021-10-31,duration,cash_flow,change_accounts_receivable,-19.017,USD_millions,supported,reported_supplemental_extract,SRC-014,S2R-0024,,pre_tyman,
S2S-0177,FY2021,2020-11-01,2021-10-31,duration,cash_flow,change_inventory,-31.382,USD_millions,supported,reported_supplemental_extract,SRC-014,S2R-0025,,pre_tyman,
S2S-0178,FY2021,2020-11-01,2021-10-31,duration,cash_flow,change_other_current_assets,-1.817,USD_millions,supported,reported_supplemental_extract,SRC-014,S2R-0026,,pre_tyman,
S2S-0179,FY2021,2020-11-01,2021-10-31,duration,cash_flow,change_accounts_payable,7.097,USD_millions,supported,reported_supplemental_extract,SRC-014,S2R-0027,,pre_tyman,
S2S-0180,FY2021,2020-11-01,2021-10-31,duration,cash_flow,change_accrued_liabilities,16.212,USD_millions,supported,reported_supplemental_extract,SRC-014,S2R-0028,,pre_tyman,
S2S-0181,FY2021,2020-11-01,2021-10-31,duration,cash_flow,change_income_taxes_payable,-0.378,USD_millions,supported,reported_supplemental_extract,SRC-014,S2R-0029,,pre_tyman,
S2S-0182,FY2021,2020-11-01,2021-10-31,duration,cash_flow,change_deferred_pension,-0.708,USD_millions,supported,reported_supplemental_extract,SRC-014,S2R-0030,,pre_tyman,
S2S-0183,FY2021,2020-11-01,2021-10-31,duration,cash_flow,change_other_long_term_liabilities,0.477,USD_millions,supported,reported_supplemental_extract,SRC-014,S2R-0031,,pre_tyman,
S2S-0184,FY2021,2020-11-01,2021-10-31,duration,cash_flow,other_operating_changes,-0.528,USD_millions,supported,reported_supplemental_extract,SRC-014,S2R-0032,,pre_tyman,
S2S-0185,FY2021,2020-11-01,2021-10-31,duration,cash_flow,other_operating_working_capital_movements,13.258,USD_millions,supported,calculated,SRC-014,S2R-0026;S2R-0028;S2R-0029;S2R-0030;S2R-0031;S2R-0032,sum of other reported operating balance movements,pre_tyman,
S2S-0186,FY2021,2020-11-01,2021-10-31,duration,cash_flow,cash_flow_from_operations,78.588,USD_millions,supported,reported,SRC-014,NF-0068,,pre_tyman,
S2S-0187,FY2021,2020-11-01,2021-10-31,duration,cash_flow,capital_expenditures,-24.008,USD_millions,supported,reported,SRC-014,NF-0069,,pre_tyman,
S2S-0188,FY2021,2020-11-01,2021-10-31,duration,cash_flow,free_cash_flow,54.58,USD_millions,supported,calculated,SRC-014,CF-0176,cash_flow_from_operations + capital_expenditures,pre_tyman,Mechanical calculation; not an analyst adjustment.
S2S-0189,FY2021,2020-11-01,2021-10-31,duration,cash_flow,acquisition_cash_flows,,USD_millions,not_determinable_not_zero,missing_control,,,,pre_tyman,No dedicated material acquisition-cash-flow line in the selected Phase 1 statement; absence is not zero.
S2S-0190,FY2021,2020-11-01,2021-10-31,duration,cash_flow,dividends_paid,-10.779,USD_millions,supported,reported,SRC-014,NF-0070,,pre_tyman,
S2S-0191,FY2021,2020-11-01,2021-10-31,duration,cash_flow,share_repurchases,-11.182,USD_millions,supported,reported,SRC-014,NF-0071,,pre_tyman,
S2S-0192,FY2021,2020-11-01,2021-10-31,duration,cash_flow,investing_cash_flow_total,-18.708,USD_millions,supported,reported_supplemental_extract,SRC-014,S2R-0101,,pre_tyman,
S2S-0193,FY2021,2020-11-01,2021-10-31,duration,cash_flow,credit_facility_borrowings,0,USD_millions,supported,reported_supplemental_extract,SRC-014,S2R-0102,,pre_tyman,
S2S-0194,FY2021,2020-11-01,2021-10-31,duration,cash_flow,credit_facility_repayments,-65,USD_millions,supported,reported_supplemental_extract,SRC-014,S2R-0103,,pre_tyman,
S2S-0195,FY2021,2020-11-01,2021-10-31,duration,cash_flow,debt_issuance_costs,0,USD_millions,supported,reported_supplemental_extract,SRC-014,S2R-0104,,pre_tyman,
S2S-0196,FY2021,2020-11-01,2021-10-31,duration,cash_flow,other_long_term_debt_repayments,-0.68,USD_millions,supported,reported_supplemental_extract,SRC-014,S2R-0105,,pre_tyman,
S2S-0197,FY2021,2020-11-01,2021-10-31,duration,cash_flow,common_stock_issuance,16.272,USD_millions,supported,reported_supplemental_extract,SRC-014,S2R-0106,,pre_tyman,
S2S-0198,FY2021,2020-11-01,2021-10-31,duration,cash_flow,hedge_contract_proceeds,0,USD_millions,supported,reported_supplemental_extract,SRC-014,S2R-0107,,pre_tyman,
S2S-0199,FY2021,2020-11-01,2021-10-31,duration,cash_flow,payroll_tax_stock_vesting,-0.492,USD_millions,supported,reported_supplemental_extract,SRC-014,S2R-0108,,pre_tyman,
S2S-0200,FY2021,2020-11-01,2021-10-31,duration,cash_flow,financing_cash_flow_total,-71.861,USD_millions,supported,reported_supplemental_extract,SRC-014,S2R-0109,,pre_tyman,
S2S-0201,FY2021,2020-11-01,2021-10-31,duration,cash_flow,fx_effect_on_cash,0.421,USD_millions,supported,reported_supplemental_extract,SRC-014,S2R-0110,,pre_tyman,
S2S-0202,FY2021,2020-11-01,2021-10-31,duration,cash_flow,net_change_cash_reported,-11.56,USD_millions,supported,reported_supplemental_extract,SRC-014,S2R-0111,,pre_tyman,
S2S-0203,FY2021,2020-11-01,2021-10-31,duration,cash_flow,cash_begin_total,51.621,USD_millions,supported,reported_supplemental_extract,SRC-014,S2R-0112,,pre_tyman,
S2S-0204,FY2021,2020-11-01,2021-10-31,duration,cash_flow,cash_end_total,40.061,USD_millions,supported,reported_supplemental_extract,SRC-014,S2R-0113,,pre_tyman,
S2S-0205,FY2021,2020-11-01,2021-10-31,duration,cash_flow,other_material_financing_flows,15.78,USD_millions,supported,calculated,SRC-014,S2R-0104;S2R-0106;S2R-0107;S2R-0108,"sum of debt issuance costs, stock issuance, hedge proceeds, and vesting payroll tax",pre_tyman,
S2S-0206,FY2022,2021-11-01,2022-10-31,duration,cash_flow,cash_flow_net_income,88.336,USD_millions,supported,reported,SRC-014,NF-0039,,pre_tyman,
S2S-0207,FY2022,2021-11-01,2022-10-31,duration,cash_flow,cash_flow_depreciation_and_amortization,40.109,USD_millions,supported,reported_supplemental_extract,SRC-012,S2R-0033,,pre_tyman,
S2S-0208,FY2022,2021-11-01,2022-10-31,duration,cash_flow,goodwill_impairment_noncash,0,USD_millions,supported,reported_supplemental_extract,SRC-012,S2R-0038,,pre_tyman,
S2S-0209,FY2022,2021-11-01,2022-10-31,duration,cash_flow,stock_based_compensation,2.291,USD_millions,supported,reported_supplemental_extract,SRC-012,S2R-0035,,pre_tyman,
S2S-0210,FY2022,2021-11-01,2022-10-31,duration,cash_flow,deferred_income_taxes,2.097,USD_millions,supported,reported_supplemental_extract,SRC-012,S2R-0036,,pre_tyman,
S2S-0211,FY2022,2021-11-01,2022-10-31,duration,cash_flow,gain_loss_on_disposition_noncash,0.109,USD_millions,supported,reported_supplemental_extract,SRC-012,S2R-0034,,pre_tyman,
S2S-0212,FY2022,2021-11-01,2022-10-31,duration,cash_flow,deferred_loan_costs_charge,0,USD_millions,supported,reported_supplemental_extract,SRC-012,S2R-0037,,pre_tyman,
S2S-0213,FY2022,2021-11-01,2022-10-31,duration,cash_flow,fx_forward_gain_noncash,0,USD_millions,supported,reported_supplemental_extract,SRC-012,S2R-0039,,pre_tyman,
S2S-0214,FY2022,2021-11-01,2022-10-31,duration,cash_flow,noncash_restructuring,,USD_millions,not_separately_presented_not_zero,missing_control,,,,pre_tyman,Omitted from the selected presentation; not converted to zero.
S2S-0215,FY2022,2021-11-01,2022-10-31,duration,cash_flow,other_noncash_operating,1.905,USD_millions,supported,reported_supplemental_extract,SRC-012,S2R-0040,,pre_tyman,
S2S-0216,FY2022,2021-11-01,2022-10-31,duration,cash_flow,change_accounts_receivable,6.945,USD_millions,supported,reported_supplemental_extract,SRC-012,S2R-0041,,pre_tyman,
S2S-0217,FY2022,2021-11-01,2022-10-31,duration,cash_flow,change_inventory,-32.035,USD_millions,supported,reported_supplemental_extract,SRC-012,S2R-0042,,pre_tyman,
S2S-0218,FY2022,2021-11-01,2022-10-31,duration,cash_flow,change_other_current_assets,-0.97,USD_millions,supported,reported_supplemental_extract,SRC-012,S2R-0043,,pre_tyman,
S2S-0219,FY2022,2021-11-01,2022-10-31,duration,cash_flow,change_accounts_payable,-3.047,USD_millions,supported,reported_supplemental_extract,SRC-012,S2R-0044,,pre_tyman,
S2S-0220,FY2022,2021-11-01,2022-10-31,duration,cash_flow,change_accrued_liabilities,-3.159,USD_millions,supported,reported_supplemental_extract,SRC-012,S2R-0045,,pre_tyman,
S2S-0221,FY2022,2021-11-01,2022-10-31,duration,cash_flow,change_income_taxes_payable,-5.192,USD_millions,supported,reported_supplemental_extract,SRC-012,S2R-0046,,pre_tyman,
S2S-0222,FY2022,2021-11-01,2022-10-31,duration,cash_flow,change_deferred_pension,0.077,USD_millions,supported,reported_supplemental_extract,SRC-012,S2R-0047,,pre_tyman,
S2S-0223,FY2022,2021-11-01,2022-10-31,duration,cash_flow,change_other_long_term_liabilities,0.305,USD_millions,supported,reported_supplemental_extract,SRC-012,S2R-0048,,pre_tyman,
S2S-0224,FY2022,2021-11-01,2022-10-31,duration,cash_flow,other_operating_changes,0.194,USD_millions,supported,reported_supplemental_extract,SRC-012,S2R-0049,,pre_tyman,
S2S-0225,FY2022,2021-11-01,2022-10-31,duration,cash_flow,other_operating_working_capital_movements,-8.745,USD_millions,supported,calculated,SRC-012,S2R-0043;S2R-0045;S2R-0046;S2R-0047;S2R-0048;S2R-0049,sum of other reported operating balance movements,pre_tyman,
S2S-0226,FY2022,2021-11-01,2022-10-31,duration,cash_flow,cash_flow_from_operations,97.965,USD_millions,supported,reported,SRC-014,NF-0064,,pre_tyman,
S2S-0227,FY2022,2021-11-01,2022-10-31,duration,cash_flow,capital_expenditures,-33.121,USD_millions,supported,reported,SRC-014,NF-0065,,pre_tyman,
S2S-0228,FY2022,2021-11-01,2022-10-31,duration,cash_flow,free_cash_flow,64.844,USD_millions,supported,calculated,SRC-014,CF-0180,cash_flow_from_operations + capital_expenditures,pre_tyman,Mechanical calculation; not an analyst adjustment.
S2S-0229,FY2022,2021-11-01,2022-10-31,duration,cash_flow,acquisition_cash_flows,,USD_millions,not_determinable_not_zero,missing_control,,,,pre_tyman,No dedicated material acquisition-cash-flow line in the selected Phase 1 statement; absence is not zero.
S2S-0230,FY2022,2021-11-01,2022-10-31,duration,cash_flow,dividends_paid,-10.598,USD_millions,supported,reported,SRC-014,NF-0066,,pre_tyman,
S2S-0231,FY2022,2021-11-01,2022-10-31,duration,cash_flow,share_repurchases,-6.6,USD_millions,supported,reported,SRC-014,NF-0067,,pre_tyman,
S2S-0232,FY2022,2021-11-01,2022-10-31,duration,cash_flow,investing_cash_flow_total,-32.962,USD_millions,supported,reported_supplemental_extract,SRC-012,S2R-0114,,pre_tyman,
S2S-0233,FY2022,2021-11-01,2022-10-31,duration,cash_flow,credit_facility_borrowings,70.5,USD_millions,supported,reported_supplemental_extract,SRC-012,S2R-0115,,pre_tyman,
S2S-0234,FY2022,2021-11-01,2022-10-31,duration,cash_flow,credit_facility_repayments,-95.5,USD_millions,supported,reported_supplemental_extract,SRC-012,S2R-0116,,pre_tyman,
S2S-0235,FY2022,2021-11-01,2022-10-31,duration,cash_flow,debt_issuance_costs,-1.21,USD_millions,supported,reported_supplemental_extract,SRC-012,S2R-0117,,pre_tyman,
S2S-0236,FY2022,2021-11-01,2022-10-31,duration,cash_flow,other_long_term_debt_repayments,-1.747,USD_millions,supported,reported_supplemental_extract,SRC-012,S2R-0118,,pre_tyman,
S2S-0237,FY2022,2021-11-01,2022-10-31,duration,cash_flow,common_stock_issuance,0.689,USD_millions,supported,reported_supplemental_extract,SRC-012,S2R-0119,,pre_tyman,
S2S-0238,FY2022,2021-11-01,2022-10-31,duration,cash_flow,hedge_contract_proceeds,0,USD_millions,supported,reported_supplemental_extract,SRC-012,S2R-0120,,pre_tyman,
S2S-0239,FY2022,2021-11-01,2022-10-31,duration,cash_flow,payroll_tax_stock_vesting,-1.413,USD_millions,supported,reported_supplemental_extract,SRC-012,S2R-0121,,pre_tyman,
S2S-0240,FY2022,2021-11-01,2022-10-31,duration,cash_flow,financing_cash_flow_total,-45.879,USD_millions,supported,reported_supplemental_extract,SRC-012,S2R-0122,,pre_tyman,
S2S-0241,FY2022,2021-11-01,2022-10-31,duration,cash_flow,fx_effect_on_cash,-4.092,USD_millions,supported,reported_supplemental_extract,SRC-012,S2R-0123,,pre_tyman,
S2S-0242,FY2022,2021-11-01,2022-10-31,duration,cash_flow,net_change_cash_reported,15.032,USD_millions,supported,reported_supplemental_extract,SRC-012,S2R-0124,,pre_tyman,
S2S-0243,FY2022,2021-11-01,2022-10-31,duration,cash_flow,cash_begin_total,40.061,USD_millions,supported,reported_supplemental_extract,SRC-012,S2R-0125,,pre_tyman,
S2S-0244,FY2022,2021-11-01,2022-10-31,duration,cash_flow,cash_end_total,55.093,USD_millions,supported,reported_supplemental_extract,SRC-012,S2R-0126,,pre_tyman,
S2S-0245,FY2022,2021-11-01,2022-10-31,duration,cash_flow,other_material_financing_flows,-1.934,USD_millions,supported,calculated,SRC-012,S2R-0117;S2R-0119;S2R-0120;S2R-0121,"sum of debt issuance costs, stock issuance, hedge proceeds, and vesting payroll tax",pre_tyman,
S2S-0246,FY2023,2022-11-01,2023-10-31,duration,cash_flow,cash_flow_net_income,82.501,USD_millions,supported,reported,SRC-001,NF-0030,,pre_tyman_includes_lmi_from_2022_11_01,
S2S-0247,FY2023,2022-11-01,2023-10-31,duration,cash_flow,cash_flow_depreciation_and_amortization,42.866,USD_millions,supported,reported_supplemental_extract,SRC-001,S2R-0050,,pre_tyman_includes_lmi_from_2022_11_01,
S2S-0248,FY2023,2022-11-01,2023-10-31,duration,cash_flow,goodwill_impairment_noncash,0,USD_millions,supported,reported_supplemental_extract,SRC-001,S2R-0055,,pre_tyman_includes_lmi_from_2022_11_01,
S2S-0249,FY2023,2022-11-01,2023-10-31,duration,cash_flow,stock_based_compensation,2.521,USD_millions,supported,reported_supplemental_extract,SRC-001,S2R-0052,,pre_tyman_includes_lmi_from_2022_11_01,
S2S-0250,FY2023,2022-11-01,2023-10-31,duration,cash_flow,deferred_income_taxes,5.147,USD_millions,supported,reported_supplemental_extract,SRC-001,S2R-0053,,pre_tyman_includes_lmi_from_2022_11_01,
S2S-0251,FY2023,2022-11-01,2023-10-31,duration,cash_flow,gain_loss_on_disposition_noncash,0.278,USD_millions,supported,reported_supplemental_extract,SRC-001,S2R-0051,,pre_tyman_includes_lmi_from_2022_11_01,
S2S-0252,FY2023,2022-11-01,2023-10-31,duration,cash_flow,deferred_loan_costs_charge,0,USD_millions,supported,reported_supplemental_extract,SRC-001,S2R-0054,,pre_tyman_includes_lmi_from_2022_11_01,
S2S-0253,FY2023,2022-11-01,2023-10-31,duration,cash_flow,fx_forward_gain_noncash,0,USD_millions,supported,reported_supplemental_extract,SRC-001,S2R-0056,,pre_tyman_includes_lmi_from_2022_11_01,
S2S-0254,FY2023,2022-11-01,2023-10-31,duration,cash_flow,noncash_restructuring,0,USD_millions,supported,reported_supplemental_extract,SRC-001,S2R-0057,,pre_tyman_includes_lmi_from_2022_11_01,
S2S-0255,FY2023,2022-11-01,2023-10-31,duration,cash_flow,other_noncash_operating,1.529,USD_millions,supported,reported_supplemental_extract,SRC-001,S2R-0058,,pre_tyman_includes_lmi_from_2022_11_01,
S2S-0256,FY2023,2022-11-01,2023-10-31,duration,cash_flow,change_accounts_receivable,6.969,USD_millions,supported,reported_supplemental_extract,SRC-001,S2R-0059,,pre_tyman_includes_lmi_from_2022_11_01,
S2S-0257,FY2023,2022-11-01,2023-10-31,duration,cash_flow,change_inventory,30.024,USD_millions,supported,reported_supplemental_extract,SRC-001,S2R-0060,,pre_tyman_includes_lmi_from_2022_11_01,
S2S-0258,FY2023,2022-11-01,2023-10-31,duration,cash_flow,change_other_current_assets,-1.88,USD_millions,supported,reported_supplemental_extract,SRC-001,S2R-0061,,pre_tyman_includes_lmi_from_2022_11_01,
S2S-0259,FY2023,2022-11-01,2023-10-31,duration,cash_flow,change_accounts_payable,-11.611,USD_millions,supported,reported_supplemental_extract,SRC-001,S2R-0062,,pre_tyman_includes_lmi_from_2022_11_01,
S2S-0260,FY2023,2022-11-01,2023-10-31,duration,cash_flow,change_accrued_liabilities,-4.249,USD_millions,supported,reported_supplemental_extract,SRC-001,S2R-0063,,pre_tyman_includes_lmi_from_2022_11_01,
S2S-0261,FY2023,2022-11-01,2023-10-31,duration,cash_flow,change_income_taxes_payable,-9.009,USD_millions,supported,reported_supplemental_extract,SRC-001,S2R-0064,,pre_tyman_includes_lmi_from_2022_11_01,
S2S-0262,FY2023,2022-11-01,2023-10-31,duration,cash_flow,change_deferred_pension,,USD_millions,not_separately_presented_not_zero,missing_control,,,,pre_tyman_includes_lmi_from_2022_11_01,Omitted from the selected presentation; not converted to zero.
S2S-0263,FY2023,2022-11-01,2023-10-31,duration,cash_flow,change_other_long_term_liabilities,0.683,USD_millions,supported,reported_supplemental_extract,SRC-001,S2R-0065,,pre_tyman_includes_lmi_from_2022_11_01,
S2S-0264,FY2023,2022-11-01,2023-10-31,duration,cash_flow,other_operating_changes,1.283,USD_millions,supported,reported_supplemental_extract,SRC-001,S2R-0066,,pre_tyman_includes_lmi_from_2022_11_01,
S2S-0265,FY2023,2022-11-01,2023-10-31,duration,cash_flow,other_operating_working_capital_movements,-13.172,USD_millions,supported,calculated,SRC-001,S2R-0061;S2R-0063;S2R-0064;S2R-0065;S2R-0066,sum of other reported operating balance movements,pre_tyman_includes_lmi_from_2022_11_01,
S2S-0266,FY2023,2022-11-01,2023-10-31,duration,cash_flow,cash_flow_from_operations,147.052,USD_millions,supported,reported,SRC-001,NF-0059,,pre_tyman_includes_lmi_from_2022_11_01,
S2S-0267,FY2023,2022-11-01,2023-10-31,duration,cash_flow,capital_expenditures,-37.39,USD_millions,supported,reported,SRC-001,NF-0060,,pre_tyman_includes_lmi_from_2022_11_01,
S2S-0268,FY2023,2022-11-01,2023-10-31,duration,cash_flow,free_cash_flow,109.662,USD_millions,supported,calculated,SRC-001,CF-0184,cash_flow_from_operations + capital_expenditures,pre_tyman_includes_lmi_from_2022_11_01,Mechanical calculation; not an analyst adjustment.
S2S-0269,FY2023,2022-11-01,2023-10-31,duration,cash_flow,acquisition_cash_flows,-91.302,USD_millions,supported,reported,SRC-001,NF-0061,,pre_tyman_includes_lmi_from_2022_11_01,
S2S-0270,FY2023,2022-11-01,2023-10-31,duration,cash_flow,dividends_paid,-10.639,USD_millions,supported,reported,SRC-001,NF-0062,,pre_tyman_includes_lmi_from_2022_11_01,
S2S-0271,FY2023,2022-11-01,2023-10-31,duration,cash_flow,share_repurchases,-5.593,USD_millions,supported,reported,SRC-001,NF-0063,,pre_tyman_includes_lmi_from_2022_11_01,
S2S-0272,FY2023,2022-11-01,2023-10-31,duration,cash_flow,investing_cash_flow_total,-128.439,USD_millions,supported,reported_supplemental_extract,SRC-001,S2R-0127,,pre_tyman_includes_lmi_from_2022_11_01,
S2S-0273,FY2023,2022-11-01,2023-10-31,duration,cash_flow,credit_facility_borrowings,102,USD_millions,supported,reported_supplemental_extract,SRC-001,S2R-0128,,pre_tyman_includes_lmi_from_2022_11_01,
S2S-0274,FY2023,2022-11-01,2023-10-31,duration,cash_flow,credit_facility_repayments,-100,USD_millions,supported,reported_supplemental_extract,SRC-001,S2R-0129,,pre_tyman_includes_lmi_from_2022_11_01,
S2S-0275,FY2023,2022-11-01,2023-10-31,duration,cash_flow,debt_issuance_costs,0,USD_millions,supported,reported_supplemental_extract,SRC-001,S2R-0130,,pre_tyman_includes_lmi_from_2022_11_01,
S2S-0276,FY2023,2022-11-01,2023-10-31,duration,cash_flow,other_long_term_debt_repayments,-2.567,USD_millions,supported,reported_supplemental_extract,SRC-001,S2R-0131,,pre_tyman_includes_lmi_from_2022_11_01,
S2S-0277,FY2023,2022-11-01,2023-10-31,duration,cash_flow,common_stock_issuance,1.215,USD_millions,supported,reported_supplemental_extract,SRC-001,S2R-0132,,pre_tyman_includes_lmi_from_2022_11_01,
S2S-0278,FY2023,2022-11-01,2023-10-31,duration,cash_flow,hedge_contract_proceeds,0,USD_millions,supported,reported_supplemental_extract,SRC-001,S2R-0133,,pre_tyman_includes_lmi_from_2022_11_01,
S2S-0279,FY2023,2022-11-01,2023-10-31,duration,cash_flow,payroll_tax_stock_vesting,-0.567,USD_millions,supported,reported_supplemental_extract,SRC-001,S2R-0134,,pre_tyman_includes_lmi_from_2022_11_01,
S2S-0280,FY2023,2022-11-01,2023-10-31,duration,cash_flow,financing_cash_flow_total,-16.151,USD_millions,supported,reported_supplemental_extract,SRC-001,S2R-0135,,pre_tyman_includes_lmi_from_2022_11_01,
S2S-0281,FY2023,2022-11-01,2023-10-31,duration,cash_flow,fx_effect_on_cash,0.919,USD_millions,supported,reported_supplemental_extract,SRC-001,S2R-0136,,pre_tyman_includes_lmi_from_2022_11_01,
S2S-0282,FY2023,2022-11-01,2023-10-31,duration,cash_flow,net_change_cash_reported,3.381,USD_millions,supported,reported_supplemental_extract,SRC-001,S2R-0137,,pre_tyman_includes_lmi_from_2022_11_01,
S2S-0283,FY2023,2022-11-01,2023-10-31,duration,cash_flow,cash_begin_total,55.093,USD_millions,supported,reported_supplemental_extract,SRC-001,S2R-0138,,pre_tyman_includes_lmi_from_2022_11_01,
S2S-0284,FY2023,2022-11-01,2023-10-31,duration,cash_flow,cash_end_total,58.474,USD_millions,supported,reported_supplemental_extract,SRC-001,S2R-0139,,pre_tyman_includes_lmi_from_2022_11_01,
S2S-0285,FY2023,2022-11-01,2023-10-31,duration,cash_flow,other_material_financing_flows,0.648,USD_millions,supported,calculated,SRC-001,S2R-0130;S2R-0132;S2R-0133;S2R-0134,"sum of debt issuance costs, stock issuance, hedge proceeds, and vesting payroll tax",pre_tyman_includes_lmi_from_2022_11_01,
S2S-0286,FY2024,2023-11-01,2024-10-31,duration,cash_flow,cash_flow_net_income,33.059,USD_millions,supported,reported,SRC-001,NF-0020,,mixed_perimeter_includes_three_months_tyman,
S2S-0287,FY2024,2023-11-01,2024-10-31,duration,cash_flow,cash_flow_depreciation_and_amortization,60.328,USD_millions,supported,reported_supplemental_extract,SRC-001,S2R-0067,,mixed_perimeter_includes_three_months_tyman,
S2S-0288,FY2024,2023-11-01,2024-10-31,duration,cash_flow,goodwill_impairment_noncash,0,USD_millions,supported,reported_supplemental_extract,SRC-001,S2R-0072,,mixed_perimeter_includes_three_months_tyman,
S2S-0289,FY2024,2023-11-01,2024-10-31,duration,cash_flow,stock_based_compensation,2.952,USD_millions,supported,reported_supplemental_extract,SRC-001,S2R-0069,,mixed_perimeter_includes_three_months_tyman,
S2S-0290,FY2024,2023-11-01,2024-10-31,duration,cash_flow,deferred_income_taxes,-15.336,USD_millions,supported,reported_supplemental_extract,SRC-001,S2R-0070,,mixed_perimeter_includes_three_months_tyman,
S2S-0291,FY2024,2023-11-01,2024-10-31,duration,cash_flow,gain_loss_on_disposition_noncash,-5.218,USD_millions,supported,reported_supplemental_extract,SRC-001,S2R-0068,,mixed_perimeter_includes_three_months_tyman,
S2S-0292,FY2024,2023-11-01,2024-10-31,duration,cash_flow,deferred_loan_costs_charge,3.469,USD_millions,supported,reported_supplemental_extract,SRC-001,S2R-0071,,mixed_perimeter_includes_three_months_tyman,
S2S-0293,FY2024,2023-11-01,2024-10-31,duration,cash_flow,fx_forward_gain_noncash,-6.512,USD_millions,supported,reported_supplemental_extract,SRC-001,S2R-0073,,mixed_perimeter_includes_three_months_tyman,
S2S-0294,FY2024,2023-11-01,2024-10-31,duration,cash_flow,noncash_restructuring,0,USD_millions,supported,reported_supplemental_extract,SRC-001,S2R-0074,,mixed_perimeter_includes_three_months_tyman,
S2S-0295,FY2024,2023-11-01,2024-10-31,duration,cash_flow,other_noncash_operating,4.495,USD_millions,supported,reported_supplemental_extract,SRC-001,S2R-0075,,mixed_perimeter_includes_three_months_tyman,
S2S-0296,FY2024,2023-11-01,2024-10-31,duration,cash_flow,change_accounts_receivable,0.973,USD_millions,supported,reported_supplemental_extract,SRC-001,S2R-0076,,mixed_perimeter_includes_three_months_tyman,
S2S-0297,FY2024,2023-11-01,2024-10-31,duration,cash_flow,change_inventory,33.484,USD_millions,supported,reported_supplemental_extract,SRC-001,S2R-0077,,mixed_perimeter_includes_three_months_tyman,
S2S-0298,FY2024,2023-11-01,2024-10-31,duration,cash_flow,change_other_current_assets,4.297,USD_millions,supported,reported_supplemental_extract,SRC-001,S2R-0078,,mixed_perimeter_includes_three_months_tyman,
S2S-0299,FY2024,2023-11-01,2024-10-31,duration,cash_flow,change_accounts_payable,-35.824,USD_millions,supported,reported_supplemental_extract,SRC-001,S2R-0079,,mixed_perimeter_includes_three_months_tyman,
S2S-0300,FY2024,2023-11-01,2024-10-31,duration,cash_flow,change_accrued_liabilities,6.25,USD_millions,supported,reported_supplemental_extract,SRC-001,S2R-0080,,mixed_perimeter_includes_three_months_tyman,
S2S-0301,FY2024,2023-11-01,2024-10-31,duration,cash_flow,change_income_taxes_payable,9.139,USD_millions,supported,reported_supplemental_extract,SRC-001,S2R-0081,,mixed_perimeter_includes_three_months_tyman,
S2S-0302,FY2024,2023-11-01,2024-10-31,duration,cash_flow,change_deferred_pension,,USD_millions,not_separately_presented_not_zero,missing_control,,,,mixed_perimeter_includes_three_months_tyman,Omitted from the selected presentation; not converted to zero.
S2S-0303,FY2024,2023-11-01,2024-10-31,duration,cash_flow,change_other_long_term_liabilities,-7.155,USD_millions,supported,reported_supplemental_extract,SRC-001,S2R-0082,,mixed_perimeter_includes_three_months_tyman,
S2S-0304,FY2024,2023-11-01,2024-10-31,duration,cash_flow,other_operating_changes,0.411,USD_millions,supported,reported_supplemental_extract,SRC-001,S2R-0083,,mixed_perimeter_includes_three_months_tyman,
S2S-0305,FY2024,2023-11-01,2024-10-31,duration,cash_flow,other_operating_working_capital_movements,12.942,USD_millions,supported,calculated,SRC-001,S2R-0078;S2R-0080;S2R-0081;S2R-0082;S2R-0083,sum of other reported operating balance movements,mixed_perimeter_includes_three_months_tyman,
S2S-0306,FY2024,2023-11-01,2024-10-31,duration,cash_flow,cash_flow_from_operations,88.812,USD_millions,supported,reported,SRC-001,NF-0054,,mixed_perimeter_includes_three_months_tyman,
S2S-0307,FY2024,2023-11-01,2024-10-31,duration,cash_flow,capital_expenditures,-37.086,USD_millions,supported,reported,SRC-001,NF-0055,,mixed_perimeter_includes_three_months_tyman,
S2S-0308,FY2024,2023-11-01,2024-10-31,duration,cash_flow,free_cash_flow,51.726,USD_millions,supported,calculated,SRC-001,CF-0188,cash_flow_from_operations + capital_expenditures,mixed_perimeter_includes_three_months_tyman,Mechanical calculation; not an analyst adjustment.
S2S-0309,FY2024,2023-11-01,2024-10-31,duration,cash_flow,acquisition_cash_flows,-398.554,USD_millions,supported,reported,SRC-001,NF-0056,,mixed_perimeter_includes_three_months_tyman,
S2S-0310,FY2024,2023-11-01,2024-10-31,duration,cash_flow,dividends_paid,-11.972,USD_millions,supported,reported,SRC-001,NF-0057,,mixed_perimeter_includes_three_months_tyman,
S2S-0311,FY2024,2023-11-01,2024-10-31,duration,cash_flow,share_repurchases,0,USD_millions,supported,reported,SRC-001,NF-0058,,mixed_perimeter_includes_three_months_tyman,"Reported dash (zero), not a missing value."
S2S-0312,FY2024,2023-11-01,2024-10-31,duration,cash_flow,investing_cash_flow_total,-420.594,USD_millions,supported,reported_supplemental_extract,SRC-001,S2R-0140,,mixed_perimeter_includes_three_months_tyman,
S2S-0313,FY2024,2023-11-01,2024-10-31,duration,cash_flow,credit_facility_borrowings,785,USD_millions,supported,reported_supplemental_extract,SRC-001,S2R-0141,,mixed_perimeter_includes_three_months_tyman,
S2S-0314,FY2024,2023-11-01,2024-10-31,duration,cash_flow,credit_facility_repayments,-83.75,USD_millions,supported,reported_supplemental_extract,SRC-001,S2R-0142,,mixed_perimeter_includes_three_months_tyman,
S2S-0315,FY2024,2023-11-01,2024-10-31,duration,cash_flow,debt_issuance_costs,-13.808,USD_millions,supported,reported_supplemental_extract,SRC-001,S2R-0143,,mixed_perimeter_includes_three_months_tyman,
S2S-0316,FY2024,2023-11-01,2024-10-31,duration,cash_flow,other_long_term_debt_repayments,-296.206,USD_millions,supported,reported_supplemental_extract,SRC-001,S2R-0144,,mixed_perimeter_includes_three_months_tyman,
S2S-0317,FY2024,2023-11-01,2024-10-31,duration,cash_flow,common_stock_issuance,0.573,USD_millions,supported,reported_supplemental_extract,SRC-001,S2R-0145,,mixed_perimeter_includes_three_months_tyman,
S2S-0318,FY2024,2023-11-01,2024-10-31,duration,cash_flow,hedge_contract_proceeds,6.512,USD_millions,supported,reported_supplemental_extract,SRC-001,S2R-0146,,mixed_perimeter_includes_three_months_tyman,
S2S-0319,FY2024,2023-11-01,2024-10-31,duration,cash_flow,payroll_tax_stock_vesting,-1.193,USD_millions,supported,reported_supplemental_extract,SRC-001,S2R-0147,,mixed_perimeter_includes_three_months_tyman,
S2S-0320,FY2024,2023-11-01,2024-10-31,duration,cash_flow,financing_cash_flow_total,385.156,USD_millions,supported,reported_supplemental_extract,SRC-001,S2R-0148,,mixed_perimeter_includes_three_months_tyman,
S2S-0321,FY2024,2023-11-01,2024-10-31,duration,cash_flow,fx_effect_on_cash,-8.853,USD_millions,supported,reported_supplemental_extract,SRC-001,S2R-0149,,mixed_perimeter_includes_three_months_tyman,
S2S-0322,FY2024,2023-11-01,2024-10-31,duration,cash_flow,net_change_cash_reported,44.521,USD_millions,supported,reported_supplemental_extract,SRC-001,S2R-0150,,mixed_perimeter_includes_three_months_tyman,
S2S-0323,FY2024,2023-11-01,2024-10-31,duration,cash_flow,cash_begin_total,58.474,USD_millions,supported,reported_supplemental_extract,SRC-001,S2R-0151,,mixed_perimeter_includes_three_months_tyman,
S2S-0324,FY2024,2023-11-01,2024-10-31,duration,cash_flow,cash_end_total,102.995,USD_millions,supported,reported_supplemental_extract,SRC-001,S2R-0152,,mixed_perimeter_includes_three_months_tyman,
S2S-0325,FY2024,2023-11-01,2024-10-31,duration,cash_flow,other_material_financing_flows,-7.916,USD_millions,supported,calculated,SRC-001,S2R-0143;S2R-0145;S2R-0146;S2R-0147,"sum of debt issuance costs, stock issuance, hedge proceeds, and vesting payroll tax",mixed_perimeter_includes_three_months_tyman,
S2S-0326,FY2025,2024-11-01,2025-10-31,duration,cash_flow,cash_flow_net_income,-250.806,USD_millions,supported,reported,SRC-001,NF-0010,,first_full_post_tyman_year_with_integration_effects,
S2S-0327,FY2025,2024-11-01,2025-10-31,duration,cash_flow,cash_flow_depreciation_and_amortization,103.444,USD_millions,supported,reported_supplemental_extract,SRC-001,S2R-0084,,first_full_post_tyman_year_with_integration_effects,
S2S-0328,FY2025,2024-11-01,2025-10-31,duration,cash_flow,goodwill_impairment_noncash,302.284,USD_millions,supported,reported_supplemental_extract,SRC-001,S2R-0089,,first_full_post_tyman_year_with_integration_effects,
S2S-0329,FY2025,2024-11-01,2025-10-31,duration,cash_flow,stock_based_compensation,3.685,USD_millions,supported,reported_supplemental_extract,SRC-001,S2R-0086,,first_full_post_tyman_year_with_integration_effects,
S2S-0330,FY2025,2024-11-01,2025-10-31,duration,cash_flow,deferred_income_taxes,-18.535,USD_millions,supported,reported_supplemental_extract,SRC-001,S2R-0087,,first_full_post_tyman_year_with_integration_effects,
S2S-0331,FY2025,2024-11-01,2025-10-31,duration,cash_flow,gain_loss_on_disposition_noncash,0.613,USD_millions,supported,reported_supplemental_extract,SRC-001,S2R-0085,,first_full_post_tyman_year_with_integration_effects,
S2S-0332,FY2025,2024-11-01,2025-10-31,duration,cash_flow,deferred_loan_costs_charge,0,USD_millions,supported,reported_supplemental_extract,SRC-001,S2R-0088,,first_full_post_tyman_year_with_integration_effects,
S2S-0333,FY2025,2024-11-01,2025-10-31,duration,cash_flow,fx_forward_gain_noncash,0,USD_millions,supported,reported_supplemental_extract,SRC-001,S2R-0090,,first_full_post_tyman_year_with_integration_effects,
S2S-0334,FY2025,2024-11-01,2025-10-31,duration,cash_flow,noncash_restructuring,4.561,USD_millions,supported,reported_supplemental_extract,SRC-001,S2R-0091,,first_full_post_tyman_year_with_integration_effects,
S2S-0335,FY2025,2024-11-01,2025-10-31,duration,cash_flow,other_noncash_operating,7.114,USD_millions,supported,reported_supplemental_extract,SRC-001,S2R-0092,,first_full_post_tyman_year_with_integration_effects,
S2S-0336,FY2025,2024-11-01,2025-10-31,duration,cash_flow,change_accounts_receivable,-6.878,USD_millions,supported,reported_supplemental_extract,SRC-001,S2R-0093,,first_full_post_tyman_year_with_integration_effects,
S2S-0337,FY2025,2024-11-01,2025-10-31,duration,cash_flow,change_inventory,23.553,USD_millions,supported,reported_supplemental_extract,SRC-001,S2R-0094,,first_full_post_tyman_year_with_integration_effects,
S2S-0338,FY2025,2024-11-01,2025-10-31,duration,cash_flow,change_other_current_assets,-3.653,USD_millions,supported,reported_supplemental_extract,SRC-001,S2R-0095,,first_full_post_tyman_year_with_integration_effects,
S2S-0339,FY2025,2024-11-01,2025-10-31,duration,cash_flow,change_accounts_payable,3.313,USD_millions,supported,reported_supplemental_extract,SRC-001,S2R-0096,,first_full_post_tyman_year_with_integration_effects,
S2S-0340,FY2025,2024-11-01,2025-10-31,duration,cash_flow,change_accrued_liabilities,-9.657,USD_millions,supported,reported_supplemental_extract,SRC-001,S2R-0097,,first_full_post_tyman_year_with_integration_effects,
S2S-0341,FY2025,2024-11-01,2025-10-31,duration,cash_flow,change_income_taxes_payable,11.108,USD_millions,supported,reported_supplemental_extract,SRC-001,S2R-0098,,first_full_post_tyman_year_with_integration_effects,
S2S-0342,FY2025,2024-11-01,2025-10-31,duration,cash_flow,change_deferred_pension,,USD_millions,not_separately_presented_not_zero,missing_control,,,,first_full_post_tyman_year_with_integration_effects,Omitted from the selected presentation; not converted to zero.
S2S-0343,FY2025,2024-11-01,2025-10-31,duration,cash_flow,change_other_long_term_liabilities,-4.693,USD_millions,supported,reported_supplemental_extract,SRC-001,S2R-0099,,first_full_post_tyman_year_with_integration_effects,
S2S-0344,FY2025,2024-11-01,2025-10-31,duration,cash_flow,other_operating_changes,-0.556,USD_millions,supported,reported_supplemental_extract,SRC-001,S2R-0100,,first_full_post_tyman_year_with_integration_effects,
S2S-0345,FY2025,2024-11-01,2025-10-31,duration,cash_flow,other_operating_working_capital_movements,-7.451,USD_millions,supported,calculated,SRC-001,S2R-0095;S2R-0097;S2R-0098;S2R-0099;S2R-0100,sum of other reported operating balance movements,first_full_post_tyman_year_with_integration_effects,
S2S-0346,FY2025,2024-11-01,2025-10-31,duration,cash_flow,cash_flow_from_operations,164.897,USD_millions,supported,reported,SRC-001,NF-0049,,first_full_post_tyman_year_with_integration_effects,
S2S-0347,FY2025,2024-11-01,2025-10-31,duration,cash_flow,capital_expenditures,-62.642,USD_millions,supported,reported,SRC-001,NF-0050,,first_full_post_tyman_year_with_integration_effects,
S2S-0348,FY2025,2024-11-01,2025-10-31,duration,cash_flow,free_cash_flow,102.255,USD_millions,supported,calculated,SRC-001,CF-0192,cash_flow_from_operations + capital_expenditures,first_full_post_tyman_year_with_integration_effects,Mechanical calculation; not an analyst adjustment.
S2S-0349,FY2025,2024-11-01,2025-10-31,duration,cash_flow,acquisition_cash_flows,0,USD_millions,supported,reported,SRC-001,NF-0051,,first_full_post_tyman_year_with_integration_effects,"Reported dash (zero), not a missing value."
S2S-0350,FY2025,2024-11-01,2025-10-31,duration,cash_flow,dividends_paid,-14.889,USD_millions,supported,reported,SRC-001,NF-0052,,first_full_post_tyman_year_with_integration_effects,
S2S-0351,FY2025,2024-11-01,2025-10-31,duration,cash_flow,share_repurchases,-32.36,USD_millions,supported,reported,SRC-001,NF-0053,,first_full_post_tyman_year_with_integration_effects,
S2S-0352,FY2025,2024-11-01,2025-10-31,duration,cash_flow,investing_cash_flow_total,-62.008,USD_millions,supported,reported_supplemental_extract,SRC-001,S2R-0153,,first_full_post_tyman_year_with_integration_effects,
S2S-0353,FY2025,2024-11-01,2025-10-31,duration,cash_flow,credit_facility_borrowings,190,USD_millions,supported,reported_supplemental_extract,SRC-001,S2R-0154,,first_full_post_tyman_year_with_integration_effects,
S2S-0354,FY2025,2024-11-01,2025-10-31,duration,cash_flow,credit_facility_repayments,-265,USD_millions,supported,reported_supplemental_extract,SRC-001,S2R-0155,,first_full_post_tyman_year_with_integration_effects,
S2S-0355,FY2025,2024-11-01,2025-10-31,duration,cash_flow,debt_issuance_costs,0,USD_millions,supported,reported_supplemental_extract,SRC-001,S2R-0156,,first_full_post_tyman_year_with_integration_effects,
S2S-0356,FY2025,2024-11-01,2025-10-31,duration,cash_flow,other_long_term_debt_repayments,-4.045,USD_millions,supported,reported_supplemental_extract,SRC-001,S2R-0157,,first_full_post_tyman_year_with_integration_effects,
S2S-0357,FY2025,2024-11-01,2025-10-31,duration,cash_flow,common_stock_issuance,0.214,USD_millions,supported,reported_supplemental_extract,SRC-001,S2R-0158,,first_full_post_tyman_year_with_integration_effects,
S2S-0358,FY2025,2024-11-01,2025-10-31,duration,cash_flow,hedge_contract_proceeds,0,USD_millions,supported,reported_supplemental_extract,SRC-001,S2R-0159,,first_full_post_tyman_year_with_integration_effects,
S2S-0359,FY2025,2024-11-01,2025-10-31,duration,cash_flow,payroll_tax_stock_vesting,-1.4,USD_millions,supported,reported_supplemental_extract,SRC-001,S2R-0160,,first_full_post_tyman_year_with_integration_effects,
S2S-0360,FY2025,2024-11-01,2025-10-31,duration,cash_flow,financing_cash_flow_total,-127.48,USD_millions,supported,reported_supplemental_extract,SRC-001,S2R-0161,,first_full_post_tyman_year_with_integration_effects,
S2S-0361,FY2025,2024-11-01,2025-10-31,duration,cash_flow,fx_effect_on_cash,-0.286,USD_millions,supported,reported_supplemental_extract,SRC-001,S2R-0162,,first_full_post_tyman_year_with_integration_effects,
S2S-0362,FY2025,2024-11-01,2025-10-31,duration,cash_flow,net_change_cash_reported,-24.877,USD_millions,supported,reported_supplemental_extract,SRC-001,S2R-0163,,first_full_post_tyman_year_with_integration_effects,
S2S-0363,FY2025,2024-11-01,2025-10-31,duration,cash_flow,cash_begin_total,102.995,USD_millions,supported,reported_supplemental_extract,SRC-001,S2R-0164,,first_full_post_tyman_year_with_integration_effects,
S2S-0364,FY2025,2024-11-01,2025-10-31,duration,cash_flow,cash_end_total,78.118,USD_millions,supported,reported_supplemental_extract,SRC-001,S2R-0165,,first_full_post_tyman_year_with_integration_effects,
S2S-0365,FY2025,2024-11-01,2025-10-31,duration,cash_flow,other_material_financing_flows,-1.186,USD_millions,supported,calculated,SRC-001,S2R-0156;S2R-0158;S2R-0159;S2R-0160,"sum of debt issuance costs, stock issuance, hedge proceeds, and vesting payroll tax",first_full_post_tyman_year_with_integration_effects,
S2S-0366,FY2021,,2021-10-31,instant,debt,term_loan_principal,0,USD_millions,supported,reported_supplemental_extract,SRC-014,S2R-0166,,pre_tyman,
S2S-0367,FY2021,,2021-10-31,instant,debt,revolver_borrowings,38,USD_millions,supported,reported_supplemental_extract,SRC-014,S2R-0167,,pre_tyman,
S2S-0368,FY2021,,2021-10-31,instant,debt,finance_lease_obligations_principal,15.537,USD_millions,supported,reported_supplemental_extract,SRC-014,S2R-0168,,pre_tyman,
S2S-0369,FY2021,,2021-10-31,instant,debt,total_debt_principal,53.537,USD_millions,supported,reported_supplemental_extract,SRC-014,S2R-0170,,pre_tyman,
S2S-0370,FY2021,,2021-10-31,instant,debt,unamortized_financing_fees,0.597,USD_millions,supported,reported_supplemental_extract,SRC-014,S2R-0169,,pre_tyman,
S2S-0371,FY2021,,2021-10-31,instant,debt,total_debt_carrying_amount,52.94,USD_millions,supported,reported_supplemental_extract,SRC-014,S2R-0171,,pre_tyman,
S2S-0372,FY2022,,2022-10-31,instant,debt,term_loan_principal,0,USD_millions,supported,reported_supplemental_extract,SRC-014,S2R-0172,,pre_tyman,
S2S-0373,FY2022,,2022-10-31,instant,debt,revolver_borrowings,13,USD_millions,supported,reported_supplemental_extract,SRC-014,S2R-0173,,pre_tyman,
S2S-0374,FY2022,,2022-10-31,instant,debt,finance_lease_obligations_principal,19.202,USD_millions,supported,reported_supplemental_extract,SRC-014,S2R-0174,,pre_tyman,
S2S-0375,FY2022,,2022-10-31,instant,debt,total_debt_principal,32.202,USD_millions,supported,reported_supplemental_extract,SRC-014,S2R-0176,,pre_tyman,
S2S-0376,FY2022,,2022-10-31,instant,debt,unamortized_financing_fees,1.528,USD_millions,supported,reported_supplemental_extract,SRC-014,S2R-0175,,pre_tyman,
S2S-0377,FY2022,,2022-10-31,instant,debt,total_debt_carrying_amount,30.674,USD_millions,supported,reported_supplemental_extract,SRC-014,S2R-0177,,pre_tyman,
S2S-0378,FY2023,,2023-10-31,instant,debt,term_loan_principal,0,USD_millions,supported,reported_supplemental_extract,SRC-012,S2R-0178,,pre_tyman_includes_lmi_from_2022_11_01,
S2S-0379,FY2023,,2023-10-31,instant,debt,revolver_borrowings,15,USD_millions,supported,reported_supplemental_extract,SRC-012,S2R-0179,,pre_tyman_includes_lmi_from_2022_11_01,
S2S-0380,FY2023,,2023-10-31,instant,debt,finance_lease_obligations_principal,55,USD_millions,supported,reported_supplemental_extract,SRC-012,S2R-0180,,pre_tyman_includes_lmi_from_2022_11_01,
S2S-0381,FY2023,,2023-10-31,instant,debt,total_debt_principal,70,USD_millions,supported,reported_supplemental_extract,SRC-012,S2R-0182,,pre_tyman_includes_lmi_from_2022_11_01,
S2S-0382,FY2023,,2023-10-31,instant,debt,unamortized_financing_fees,1.2,USD_millions,supported,reported_supplemental_extract,SRC-012,S2R-0181,,pre_tyman_includes_lmi_from_2022_11_01,
S2S-0383,FY2023,,2023-10-31,instant,debt,total_debt_carrying_amount,68.8,USD_millions,supported,reported_supplemental_extract,SRC-012,S2R-0183,,pre_tyman_includes_lmi_from_2022_11_01,
S2S-0384,FY2024,,2024-10-31,instant,debt,term_loan_principal,493.75,USD_millions,supported,reported,SRC-002,NF-0170,,mixed_perimeter_includes_three_months_tyman,
S2S-0385,FY2024,,2024-10-31,instant,debt,revolver_borrowings,222.5,USD_millions,supported,reported,SRC-002,NF-0171,,mixed_perimeter_includes_three_months_tyman,
S2S-0386,FY2024,,2024-10-31,instant,debt,finance_lease_obligations_principal,60.676,USD_millions,supported,reported,SRC-002,NF-0172,,mixed_perimeter_includes_three_months_tyman,
S2S-0387,FY2024,,2024-10-31,instant,debt,total_debt_principal,776.926,USD_millions,supported,reported,SRC-002,NF-0173,,mixed_perimeter_includes_three_months_tyman,Company net-debt definition; total debt excludes letters of credit.
S2S-0388,FY2024,,2024-10-31,instant,debt,unamortized_financing_fees,13.983,USD_millions,supported,reported_supplemental_extract,SRC-012,S2R-0184,,mixed_perimeter_includes_three_months_tyman,Contra-debt amount; presented as a positive reconciling value.
S2S-0389,FY2024,,2024-10-31,instant,debt,total_debt_carrying_amount,762.943,USD_millions,supported,calculated,SRC-001,CF-0189,current_maturities_of_long_term_debt + long_term_debt,mixed_perimeter_includes_three_months_tyman,Mechanical calculation; not an analyst adjustment.
S2S-0390,FY2025,,2025-10-31,instant,debt,term_loan_principal,468.75,USD_millions,supported,reported,SRC-002,NF-0165,,first_full_post_tyman_year_with_integration_effects,
S2S-0391,FY2025,,2025-10-31,instant,debt,revolver_borrowings,172.5,USD_millions,supported,reported,SRC-002,NF-0166,,first_full_post_tyman_year_with_integration_effects,
S2S-0392,FY2025,,2025-10-31,instant,debt,finance_lease_obligations_principal,62.619,USD_millions,supported,reported,SRC-002,NF-0167,,first_full_post_tyman_year_with_integration_effects,
S2S-0393,FY2025,,2025-10-31,instant,debt,total_debt_principal,703.869,USD_millions,supported,reported,SRC-002,NF-0168,,first_full_post_tyman_year_with_integration_effects,Company net-debt definition; total debt excludes letters of credit.
S2S-0394,FY2025,,2025-10-31,instant,debt,unamortized_financing_fees,11.04,USD_millions,supported,reported_supplemental_extract,SRC-001,S2R-0185,,first_full_post_tyman_year_with_integration_effects,Contra-debt amount; presented as a positive reconciling value.
S2S-0395,FY2025,,2025-10-31,instant,debt,total_debt_carrying_amount,692.829,USD_millions,supported,calculated,SRC-001,CF-0193,current_maturities_of_long_term_debt + long_term_debt,first_full_post_tyman_year_with_integration_effects,Mechanical calculation; not an analyst adjustment.
S2S-0396,FY2021,2020-11-01,2021-10-31,duration,cash_flow,cash_interest_paid_disclosed,,USD_millions,not_determinable_not_zero,missing_control,,,,pre_tyman,The approved evidence does not contain a separate cash-paid-interest disclosure for this year; absence is not zero.
S2S-0397,FY2022,2021-11-01,2022-10-31,duration,cash_flow,cash_interest_paid_disclosed,,USD_millions,not_determinable_not_zero,missing_control,,,,pre_tyman,The approved evidence does not contain a separate cash-paid-interest disclosure for this year; absence is not zero.
S2S-0398,FY2023,2022-11-01,2023-10-31,duration,cash_flow,cash_interest_paid_disclosed,5.737,USD_millions,supported,reported_supplemental_extract,SRC-001,S2R-0186,,pre_tyman_includes_lmi_from_2022_11_01,Reported cash paid for interest; separate historical diagnostic. Not contractual interest paid or payable and not closing-LTM evidence.
S2S-0399,FY2024,2023-11-01,2024-10-31,duration,cash_flow,cash_interest_paid_disclosed,10.91,USD_millions,supported,reported_supplemental_extract,SRC-001,S2R-0187,,mixed_perimeter_includes_three_months_tyman,Reported cash paid for interest; separate historical diagnostic. Not contractual interest paid or payable and not closing-LTM evidence.
S2S-0400,FY2025,2024-11-01,2025-10-31,duration,cash_flow,cash_interest_paid_disclosed,52.63,USD_millions,supported,reported_supplemental_extract,SRC-001,S2R-0188,,first_full_post_tyman_year_with_integration_effects,Reported cash paid for interest; separate historical diagnostic. Not contractual interest paid or payable and not closing-LTM evidence.
