debt_schedule_id,structure,forecast_id,fiscal_year,quarter,period_start,period_end,opening_term_principal,scheduled_term_principal,cash_sweep,maturity_term_payment,ending_term_principal,opening_revolver,revolver_draw,revolver_repayment,maturity_revolver_payment,ending_revolver,retained_finance_and_other_debt_opening_proxy,retained_finance_and_other_debt_payment,retained_finance_and_other_debt_ending_proxy,gross_funded_debt,cash_interest,revolver_availability,maturity_event,unsupported_maturity_funding_gap,classification,review_status,source_ids,assumption_ids,notes
DB-E-0001,existing,OP-0002,FY2026,Q2,2026-02-01,2026-04-30,462.5,6.25,0,0,456.25,207.39771875,0,13.0906350550697059003983608,0,194.3070836949302940996016392,62.619,2.08775,62.619,713.1760836949302940996016392,10.8446215625313253886318619,274.4929163050697059003983608,no,0,formula_calculated_base_case,contains_owner_reviewed_phase5_testing_assumptions,SRC-001;SRC-003,P5A-003;P5A-004;P5A-006;P5A-007;P5A-008;P5A-009;P5A-010;P5A-011;P5A-012;P5A-014;P5A-015;P5A-016;P5A-018;P5A-019;P5A-020;P5A-021;P5A-022;P5A-023;P5A-024;P5A-025;P5A-026;P5A-027;P5A-028;P5A-029;P5A-030;P5A-031;P5A-032;P5A-042,Retained finance-lease/other-debt balance stays at the October proxy because public undiscounted payments cannot be split between principal and interest. Gross debt is therefore a conservative diagnostic.
DB-E-0002,existing,OP-0003,FY2026,Q3,2026-05-01,2026-07-31,456.25,6.25,0,0,450,194.3070836949302940996016392,0,13.30985696157656791046603753,0,180.9972267333537261891356016,62.619,2.08775,62.619,693.6162267333537261891356016,10.52515565270948236700347887,287.8027732666462738108643984,no,0,formula_calculated_base_case,contains_owner_reviewed_phase5_testing_assumptions,SRC-001;SRC-003,P5A-003;P5A-004;P5A-006;P5A-007;P5A-008;P5A-009;P5A-010;P5A-011;P5A-012;P5A-014;P5A-015;P5A-016;P5A-018;P5A-019;P5A-020;P5A-021;P5A-022;P5A-023;P5A-024;P5A-025;P5A-026;P5A-027;P5A-028;P5A-029;P5A-030;P5A-031;P5A-032;P5A-042,Retained finance-lease/other-debt balance stays at the October proxy because public undiscounted payments cannot be split between principal and interest. Gross debt is therefore a conservative diagnostic.
DB-E-0003,existing,OP-0004,FY2026,Q4,2026-08-01,2026-10-31,450,6.25,0,0,443.75,180.9972267333537261891356016,0,14.06064856658004592162156821,0,166.9365781667736802675140334,62.619,2.08775,62.619,673.3055781667736802675140334,10.19773412965386925868386928,301.8634218332263197324859666,no,0,formula_calculated_base_case,contains_owner_reviewed_phase5_testing_assumptions,SRC-001;SRC-003,P5A-003;P5A-004;P5A-006;P5A-007;P5A-008;P5A-009;P5A-010;P5A-011;P5A-012;P5A-014;P5A-015;P5A-016;P5A-018;P5A-019;P5A-020;P5A-021;P5A-022;P5A-023;P5A-024;P5A-025;P5A-026;P5A-027;P5A-028;P5A-029;P5A-030;P5A-031;P5A-032;P5A-042,Retained finance-lease/other-debt balance stays at the October proxy because public undiscounted payments cannot be split between principal and interest. Gross debt is therefore a conservative diagnostic.
DB-E-0004,existing,OP-0005,FY2027,Q1,2026-11-01,2027-01-31,443.75,6.25,0,0,437.5,166.9365781667736802675140334,7.52533488128480557646825949,0,0,174.4619130480584858439822928,62.619,2.00775,62.619,674.5809130480584858439822928,10.04097524819088980571943091,294.3380869519415141560177072,no,0,formula_calculated_base_case,contains_owner_reviewed_phase5_testing_assumptions,SRC-001;SRC-003,P5A-003;P5A-004;P5A-006;P5A-007;P5A-008;P5A-009;P5A-010;P5A-011;P5A-012;P5A-014;P5A-015;P5A-016;P5A-018;P5A-019;P5A-020;P5A-021;P5A-022;P5A-023;P5A-024;P5A-025;P5A-026;P5A-027;P5A-028;P5A-029;P5A-030;P5A-031;P5A-032;P5A-042,Retained finance-lease/other-debt balance stays at the October proxy because public undiscounted payments cannot be split between principal and interest. Gross debt is therefore a conservative diagnostic.
DB-E-0005,existing,OP-0006,FY2027,Q2,2027-02-01,2027-04-30,437.5,6.25,0,0,431.25,174.4619130480584858439822928,0,14.91206727783948390405778386,0,159.5498457702190019399245089,62.619,2.00775,62.619,653.4188457702190019399245089,9.878103840702976783942232743,309.2501542297809980600754911,no,0,formula_calculated_base_case,contains_owner_reviewed_phase5_testing_assumptions,SRC-001;SRC-003,P5A-003;P5A-004;P5A-006;P5A-007;P5A-008;P5A-009;P5A-010;P5A-011;P5A-012;P5A-014;P5A-015;P5A-016;P5A-018;P5A-019;P5A-020;P5A-021;P5A-022;P5A-023;P5A-024;P5A-025;P5A-026;P5A-027;P5A-028;P5A-029;P5A-030;P5A-031;P5A-032;P5A-042,Retained finance-lease/other-debt balance stays at the October proxy because public undiscounted payments cannot be split between principal and interest. Gross debt is therefore a conservative diagnostic.
DB-E-0006,existing,OP-0007,FY2027,Q3,2027-05-01,2027-07-31,431.25,6.25,0,0,425,159.5498457702190019399245089,0,14.46292547734700454148581931,0,145.0869202928719973984386896,62.619,2.00775,62.619,632.7059202928719973984386896,9.534196487185903853988927882,323.7130797071280026015613104,no,0,formula_calculated_base_case,contains_owner_reviewed_phase5_testing_assumptions,SRC-001;SRC-003,P5A-003;P5A-004;P5A-006;P5A-007;P5A-008;P5A-009;P5A-010;P5A-011;P5A-012;P5A-014;P5A-015;P5A-016;P5A-018;P5A-019;P5A-020;P5A-021;P5A-022;P5A-023;P5A-024;P5A-025;P5A-026;P5A-027;P5A-028;P5A-029;P5A-030;P5A-031;P5A-032;P5A-042,Retained finance-lease/other-debt balance stays at the October proxy because public undiscounted payments cannot be split between principal and interest. Gross debt is therefore a conservative diagnostic.
DB-E-0007,existing,OP-0008,FY2027,Q4,2027-08-01,2027-10-31,425,6.25,0,0,418.75,145.0869202928719973984386896,0,15.23188461658413211036927773,0,129.8550356762878652880694119,62.619,2.00775,62.619,611.2240356762878652880694119,9.187686975938425605043400067,338.9449643237121347119305881,no,0,formula_calculated_base_case,contains_owner_reviewed_phase5_testing_assumptions,SRC-001;SRC-003,P5A-003;P5A-004;P5A-006;P5A-007;P5A-008;P5A-009;P5A-010;P5A-011;P5A-012;P5A-014;P5A-015;P5A-016;P5A-018;P5A-019;P5A-020;P5A-021;P5A-022;P5A-023;P5A-024;P5A-025;P5A-026;P5A-027;P5A-028;P5A-029;P5A-030;P5A-031;P5A-032;P5A-042,Retained finance-lease/other-debt balance stays at the October proxy because public undiscounted payments cannot be split between principal and interest. Gross debt is therefore a conservative diagnostic.
DB-E-0008,existing,OP-0009,FY2028,Q1,2027-11-01,2028-01-31,418.75,6.25,0,0,412.5,129.8550356762878652880694119,6.23152834065594893189762059,0.03664130064174518389435519,0,136.0499227163020690360726773,62.619,1.7075,62.619,611.1689227163020690360726773,9.010386197161115325148705459,332.7500772836979309639273227,no,0,formula_calculated_base_case,contains_owner_reviewed_phase5_testing_assumptions,SRC-001;SRC-003,P5A-003;P5A-004;P5A-006;P5A-007;P5A-008;P5A-009;P5A-010;P5A-011;P5A-012;P5A-014;P5A-015;P5A-016;P5A-018;P5A-019;P5A-020;P5A-021;P5A-022;P5A-023;P5A-024;P5A-025;P5A-026;P5A-027;P5A-028;P5A-029;P5A-030;P5A-031;P5A-032;P5A-042,Retained finance-lease/other-debt balance stays at the October proxy because public undiscounted payments cannot be split between principal and interest. Gross debt is therefore a conservative diagnostic.
DB-E-0009,existing,OP-0010,FY2028,Q2,2028-02-01,2028-04-30,412.5,6.25,0,0,406.25,136.0499227163020690360726773,0,16.26398676847361003361267756,0,119.7859359478284590024599998,62.619,1.7075,62.619,588.6549359478284590024599998,8.825486277040887092870139078,349.0140640521715409975400002,no,0,formula_calculated_base_case,contains_owner_reviewed_phase5_testing_assumptions,SRC-001;SRC-003,P5A-003;P5A-004;P5A-006;P5A-007;P5A-008;P5A-009;P5A-010;P5A-011;P5A-012;P5A-014;P5A-015;P5A-016;P5A-018;P5A-019;P5A-020;P5A-021;P5A-022;P5A-023;P5A-024;P5A-025;P5A-026;P5A-027;P5A-028;P5A-029;P5A-030;P5A-031;P5A-032;P5A-042,Retained finance-lease/other-debt balance stays at the October proxy because public undiscounted payments cannot be split between principal and interest. Gross debt is therefore a conservative diagnostic.
DB-E-0010,existing,OP-0011,FY2028,Q3,2028-05-01,2028-07-31,406.25,6.25,0,0,400,119.7859359478284590024599998,0,15.8372536553804214677424361,0,103.9486822924480375347175637,62.619,1.7075,62.619,566.5676822924480375347175637,8.459190062353373605022424043,364.8513177075519624652824363,no,0,formula_calculated_base_case,contains_owner_reviewed_phase5_testing_assumptions,SRC-001;SRC-003,P5A-003;P5A-004;P5A-006;P5A-007;P5A-008;P5A-009;P5A-010;P5A-011;P5A-012;P5A-014;P5A-015;P5A-016;P5A-018;P5A-019;P5A-020;P5A-021;P5A-022;P5A-023;P5A-024;P5A-025;P5A-026;P5A-027;P5A-028;P5A-029;P5A-030;P5A-031;P5A-032;P5A-042,Retained finance-lease/other-debt balance stays at the October proxy because public undiscounted payments cannot be split between principal and interest. Gross debt is therefore a conservative diagnostic.
DB-E-0011,existing,OP-0012,FY2028,Q4,2028-08-01,2028-10-31,400,6.25,0,0,393.75,103.9486822924480375347175637,0,16.62896194649863984235978723,0,87.31972034594939769235777647,62.619,1.7075,62.619,543.6887203459493976923577765,8.089920837984104809110005239,381.4802796540506023076422235,no,0,formula_calculated_base_case,contains_owner_reviewed_phase5_testing_assumptions,SRC-001;SRC-003,P5A-003;P5A-004;P5A-006;P5A-007;P5A-008;P5A-009;P5A-010;P5A-011;P5A-012;P5A-014;P5A-015;P5A-016;P5A-018;P5A-019;P5A-020;P5A-021;P5A-022;P5A-023;P5A-024;P5A-025;P5A-026;P5A-027;P5A-028;P5A-029;P5A-030;P5A-031;P5A-032;P5A-042,Retained finance-lease/other-debt balance stays at the October proxy because public undiscounted payments cannot be split between principal and interest. Gross debt is therefore a conservative diagnostic.
DB-E-0012,existing,OP-0013,FY2029,Q1,2028-11-01,2029-01-31,393.75,6.25,0,0,387.5,87.31972034594939769235777647,5.82875937749816810531641129,0.83559381459692307601832792,0,92.31288590885064272165585984,62.619,1.6245,62.619,542.4318859088506427216558598,7.891273520069227933654094798,376.4871140911493572783441402,no,0,formula_calculated_base_case,contains_owner_reviewed_phase5_testing_assumptions,SRC-001;SRC-003,P5A-003;P5A-004;P5A-006;P5A-007;P5A-008;P5A-009;P5A-010;P5A-011;P5A-012;P5A-014;P5A-015;P5A-016;P5A-018;P5A-019;P5A-020;P5A-021;P5A-022;P5A-023;P5A-024;P5A-025;P5A-026;P5A-027;P5A-028;P5A-029;P5A-030;P5A-031;P5A-032;P5A-042,Retained finance-lease/other-debt balance stays at the October proxy because public undiscounted payments cannot be split between principal and interest. Gross debt is therefore a conservative diagnostic.
DB-E-0013,existing,OP-0014,FY2029,Q2,2029-02-01,2029-04-30,387.5,6.25,0,0,381.25,92.31288590885064272165585984,0,17.4850481136835073344359077,0,74.82783779516713538721995214,62.619,1.6245,62.619,518.6968377951671353872199521,7.686476882504851929618746876,393.9721622048328646127800479,no,0,formula_calculated_base_case,contains_owner_reviewed_phase5_testing_assumptions,SRC-001;SRC-003,P5A-003;P5A-004;P5A-006;P5A-007;P5A-008;P5A-009;P5A-010;P5A-011;P5A-012;P5A-014;P5A-015;P5A-016;P5A-018;P5A-019;P5A-020;P5A-021;P5A-022;P5A-023;P5A-024;P5A-025;P5A-026;P5A-027;P5A-028;P5A-029;P5A-030;P5A-031;P5A-032;P5A-042,Retained finance-lease/other-debt balance stays at the October proxy because public undiscounted payments cannot be split between principal and interest. Gross debt is therefore a conservative diagnostic.
DB-E-0014,existing,OP-0015,FY2029,Q3,2029-05-01,2029-07-31,381.25,6.25,0,0,375,74.82783779516713538721995214,0,17.07855658845711773229253927,0,57.74928120671001765492741287,62.619,1.6245,62.619,495.3682812067100176549274129,7.299958905683733995595501935,0,yes,432.7492812067100176549274129,formula_calculated_base_case,contains_owner_reviewed_phase5_testing_assumptions,SRC-001;SRC-003,P5A-003;P5A-004;P5A-006;P5A-007;P5A-008;P5A-009;P5A-010;P5A-011;P5A-012;P5A-014;P5A-015;P5A-016;P5A-018;P5A-019;P5A-020;P5A-021;P5A-022;P5A-023;P5A-024;P5A-025;P5A-026;P5A-027;P5A-028;P5A-029;P5A-030;P5A-031;P5A-032;P5A-042,Retained finance-lease/other-debt balance stays at the October proxy because public undiscounted payments cannot be split between principal and interest. Gross debt is therefore a conservative diagnostic.
DB-P-0015,proposed,OP-0002,FY2026,Q2,2026-02-01,2026-04-30,650,16.25,0,0,633.75,29.89771875,9.82329762199995342260467161,12.74832594118812365494669627,0,26.97269043081182976765797534,62.619,2.08775,62.619,723.3416904308118297676579753,11.01022829841286105668819804,266.8273095691881702323420247,no,0,formula_calculated_base_case,contains_owner_reviewed_phase5_testing_assumptions,SRC-001;SRC-003,P5A-003;P5A-004;P5A-006;P5A-007;P5A-008;P5A-009;P5A-010;P5A-011;P5A-012;P5A-014;P5A-015;P5A-016;P5A-018;P5A-019;P5A-020;P5A-021;P5A-022;P5A-023;P5A-024;P5A-025;P5A-026;P5A-027;P5A-028;P5A-029;P5A-030;P5A-031;P5A-032;P5A-042,Retained finance-lease/other-debt balance stays at the October proxy because public undiscounted payments cannot be split between principal and interest. Gross debt is therefore a conservative diagnostic.
DB-P-0016,proposed,OP-0003,FY2026,Q3,2026-05-01,2026-07-31,633.75,16.25,0,0,617.5,26.97269043081182976765797534,9.75074240520298214207305018,12.89225007180105525372279607,0,23.83118276421375665600822945,62.619,2.08775,62.619,703.9501827642137566560082294,10.69350494768797716581977051,269.9688172357862433439917706,no,0,formula_calculated_base_case,contains_owner_reviewed_phase5_testing_assumptions,SRC-001;SRC-003,P5A-003;P5A-004;P5A-006;P5A-007;P5A-008;P5A-009;P5A-010;P5A-011;P5A-012;P5A-014;P5A-015;P5A-016;P5A-018;P5A-019;P5A-020;P5A-021;P5A-022;P5A-023;P5A-024;P5A-025;P5A-026;P5A-027;P5A-028;P5A-029;P5A-030;P5A-031;P5A-032;P5A-042,Retained finance-lease/other-debt balance stays at the October proxy because public undiscounted payments cannot be split between principal and interest. Gross debt is therefore a conservative diagnostic.
DB-P-0017,proposed,OP-0004,FY2026,Q4,2026-08-01,2026-10-31,617.5,16.25,0,0,601.25,23.83118276421375665600822945,9.50004151390966245599102793,13.38955280778825306503714594,0,19.94167147033516604696211144,62.619,2.08775,62.619,683.8106714703351660469621114,10.36887140235532457125931949,273.8583285296648339530378886,no,0,formula_calculated_base_case,contains_owner_reviewed_phase5_testing_assumptions,SRC-001;SRC-003,P5A-003;P5A-004;P5A-006;P5A-007;P5A-008;P5A-009;P5A-010;P5A-011;P5A-012;P5A-014;P5A-015;P5A-016;P5A-018;P5A-019;P5A-020;P5A-021;P5A-022;P5A-023;P5A-024;P5A-025;P5A-026;P5A-027;P5A-028;P5A-029;P5A-030;P5A-031;P5A-032;P5A-042,Retained finance-lease/other-debt balance stays at the October proxy because public undiscounted payments cannot be split between principal and interest. Gross debt is therefore a conservative diagnostic.
DB-P-0018,proposed,OP-0005,FY2027,Q1,2026-11-01,2027-01-31,601.25,16.25,0,0,585,19.94167147033516604696211144,17.69930630249826282411274953,0,0,37.64097777283342887107486097,62.619,2.00775,62.619,685.259977772833428871074861,10.21494666940434705336392094,256.159022227166571128925139,no,0,formula_calculated_base_case,contains_owner_reviewed_phase5_testing_assumptions,SRC-001;SRC-003,P5A-003;P5A-004;P5A-006;P5A-007;P5A-008;P5A-009;P5A-010;P5A-011;P5A-012;P5A-014;P5A-015;P5A-016;P5A-018;P5A-019;P5A-020;P5A-021;P5A-022;P5A-023;P5A-024;P5A-025;P5A-026;P5A-027;P5A-028;P5A-029;P5A-030;P5A-031;P5A-032;P5A-042,Retained finance-lease/other-debt balance stays at the October proxy because public undiscounted payments cannot be split between principal and interest. Gross debt is therefore a conservative diagnostic.
DB-P-0019,proposed,OP-0006,FY2027,Q2,2027-02-01,2027-04-30,585,16.25,0,0,568.75,37.64097777283342887107486097,9.21659554095011557344217404,13.95181031365573224390248995,0,32.90576300012781220061454506,62.619,2.00775,62.619,664.2747630001278122006145451,10.0549563458368440175397007,260.8942369998721877993854549,no,0,formula_calculated_base_case,contains_owner_reviewed_phase5_testing_assumptions,SRC-001;SRC-003,P5A-003;P5A-004;P5A-006;P5A-007;P5A-008;P5A-009;P5A-010;P5A-011;P5A-012;P5A-014;P5A-015;P5A-016;P5A-018;P5A-019;P5A-020;P5A-021;P5A-022;P5A-023;P5A-024;P5A-025;P5A-026;P5A-027;P5A-028;P5A-029;P5A-030;P5A-031;P5A-032;P5A-042,Retained finance-lease/other-debt balance stays at the October proxy because public undiscounted payments cannot be split between principal and interest. Gross debt is therefore a conservative diagnostic.
DB-P-0020,proposed,OP-0007,FY2027,Q3,2027-05-01,2027-07-31,568.75,16.25,0,0,552.5,32.90576300012781220061454506,9.36811151960029874869724757,13.65125569520263964012398207,0,28.62261882452547130918781056,62.619,2.00775,62.619,643.7416188245254713091878106,9.713977788930567504048012691,265.1773811754745286908121894,no,0,formula_calculated_base_case,contains_owner_reviewed_phase5_testing_assumptions,SRC-001;SRC-003,P5A-003;P5A-004;P5A-006;P5A-007;P5A-008;P5A-009;P5A-010;P5A-011;P5A-012;P5A-014;P5A-015;P5A-016;P5A-018;P5A-019;P5A-020;P5A-021;P5A-022;P5A-023;P5A-024;P5A-025;P5A-026;P5A-027;P5A-028;P5A-029;P5A-030;P5A-031;P5A-032;P5A-042,Retained finance-lease/other-debt balance stays at the October proxy because public undiscounted payments cannot be split between principal and interest. Gross debt is therefore a conservative diagnostic.
DB-P-0021,proposed,OP-0008,FY2027,Q4,2027-08-01,2027-10-31,552.5,16.25,0,0,536.25,28.62261882452547130918781056,9.11138505071147744891732452,14.16051106609547155261386342,0,23.57349280914147720549127166,62.619,2.00775,62.619,622.4424928091414772054912717,9.370445577138563611716138896,270.2265071908585227945087283,no,0,formula_calculated_base_case,contains_owner_reviewed_phase5_testing_assumptions,SRC-001;SRC-003,P5A-003;P5A-004;P5A-006;P5A-007;P5A-008;P5A-009;P5A-010;P5A-011;P5A-012;P5A-014;P5A-015;P5A-016;P5A-018;P5A-019;P5A-020;P5A-021;P5A-022;P5A-023;P5A-024;P5A-025;P5A-026;P5A-027;P5A-028;P5A-029;P5A-030;P5A-031;P5A-032;P5A-042,Retained finance-lease/other-debt balance stays at the October proxy because public undiscounted payments cannot be split between principal and interest. Gross debt is therefore a conservative diagnostic.
DB-P-0022,proposed,OP-0009,FY2028,Q1,2027-11-01,2028-01-31,536.25,16.25,0,0,520,23.57349280914147720549127166,16.38067224674729826726711926,0,0,39.95416505588877547275839092,62.619,1.7075,62.619,622.5731650558887754727583909,9.196171403894209844412559321,253.8458349441112245272416091,no,0,formula_calculated_base_case,contains_owner_reviewed_phase5_testing_assumptions,SRC-001;SRC-003,P5A-003;P5A-004;P5A-006;P5A-007;P5A-008;P5A-009;P5A-010;P5A-011;P5A-012;P5A-014;P5A-015;P5A-016;P5A-018;P5A-019;P5A-020;P5A-021;P5A-022;P5A-023;P5A-024;P5A-025;P5A-026;P5A-027;P5A-028;P5A-029;P5A-030;P5A-031;P5A-032;P5A-042,Retained finance-lease/other-debt balance stays at the October proxy because public undiscounted payments cannot be split between principal and interest. Gross debt is therefore a conservative diagnostic.
DB-P-0023,proposed,OP-0010,FY2028,Q2,2028-02-01,2028-04-30,520,16.25,0,0,503.75,39.95416505588877547275839092,8.76751129288010757581313996,14.84263612644740552009135949,0,33.87904022232147752848017139,62.619,1.7075,62.619,600.2480402223214775284801714,9.014348211947199182204597119,259.9209597776785224715198286,no,0,formula_calculated_base_case,contains_owner_reviewed_phase5_testing_assumptions,SRC-001;SRC-003,P5A-003;P5A-004;P5A-006;P5A-007;P5A-008;P5A-009;P5A-010;P5A-011;P5A-012;P5A-014;P5A-015;P5A-016;P5A-018;P5A-019;P5A-020;P5A-021;P5A-022;P5A-023;P5A-024;P5A-025;P5A-026;P5A-027;P5A-028;P5A-029;P5A-030;P5A-031;P5A-032;P5A-042,Retained finance-lease/other-debt balance stays at the October proxy because public undiscounted payments cannot be split between principal and interest. Gross debt is therefore a conservative diagnostic.
DB-P-0024,proposed,OP-0011,FY2028,Q3,2028-05-01,2028-07-31,503.75,16.25,0,0,487.5,33.87904022232147752848017139,8.91158343403700014993523605,14.55684747365386995299853603,0,28.23377618270460772541687141,62.619,1.7075,62.619,578.3527761827046077254168714,8.651179678116925269701560158,265.5662238172953922745831286,no,0,formula_calculated_base_case,contains_owner_reviewed_phase5_testing_assumptions,SRC-001;SRC-003,P5A-003;P5A-004;P5A-006;P5A-007;P5A-008;P5A-009;P5A-010;P5A-011;P5A-012;P5A-014;P5A-015;P5A-016;P5A-018;P5A-019;P5A-020;P5A-021;P5A-022;P5A-023;P5A-024;P5A-025;P5A-026;P5A-027;P5A-028;P5A-029;P5A-030;P5A-031;P5A-032;P5A-042,Retained finance-lease/other-debt balance stays at the October proxy because public undiscounted payments cannot be split between principal and interest. Gross debt is therefore a conservative diagnostic.
DB-P-0025,proposed,OP-0012,FY2028,Q4,2028-08-01,2028-10-31,487.5,16.25,0,0,471.25,28.23377618270460772541687141,8.64730012148327258081522043,15.08109297485935604137755903,0,21.79998332932852426485453281,62.619,1.7075,62.619,555.6689833293285242648545328,8.285089931106661190907453886,272.0000166706714757351454672,no,0,formula_calculated_base_case,contains_owner_reviewed_phase5_testing_assumptions,SRC-001;SRC-003,P5A-003;P5A-004;P5A-006;P5A-007;P5A-008;P5A-009;P5A-010;P5A-011;P5A-012;P5A-014;P5A-015;P5A-016;P5A-018;P5A-019;P5A-020;P5A-021;P5A-022;P5A-023;P5A-024;P5A-025;P5A-026;P5A-027;P5A-028;P5A-029;P5A-030;P5A-031;P5A-032;P5A-042,Retained finance-lease/other-debt balance stays at the October proxy because public undiscounted payments cannot be split between principal and interest. Gross debt is therefore a conservative diagnostic.
DB-P-0026,proposed,OP-0013,FY2029,Q1,2028-11-01,2029-01-31,471.25,16.25,0,0,455,21.79998332932852426485453281,15.89525553081652285868342556,0.70368874314699284000007708,0,36.99155011699805428353788129,62.619,1.6245,62.619,554.6105501169980542835378813,8.089674744837512923039359913,256.8084498830019457164621187,no,0,formula_calculated_base_case,contains_owner_reviewed_phase5_testing_assumptions,SRC-001;SRC-003,P5A-003;P5A-004;P5A-006;P5A-007;P5A-008;P5A-009;P5A-010;P5A-011;P5A-012;P5A-014;P5A-015;P5A-016;P5A-018;P5A-019;P5A-020;P5A-021;P5A-022;P5A-023;P5A-024;P5A-025;P5A-026;P5A-027;P5A-028;P5A-029;P5A-030;P5A-031;P5A-032;P5A-042,Retained finance-lease/other-debt balance stays at the October proxy because public undiscounted payments cannot be split between principal and interest. Gross debt is therefore a conservative diagnostic.
DB-P-0027,proposed,OP-0014,FY2029,Q2,2029-02-01,2029-04-30,455,16.25,0,0,438.75,36.99155011699805428353788129,8.36255878906840482069074848,15.64592002006071920819140574,0,29.70818888600573989603722403,62.619,1.6245,62.619,531.077188886005739896037224,7.888163765196044876553997312,264.091811113994260103962776,no,0,formula_calculated_base_case,contains_owner_reviewed_phase5_testing_assumptions,SRC-001;SRC-003,P5A-003;P5A-004;P5A-006;P5A-007;P5A-008;P5A-009;P5A-010;P5A-011;P5A-012;P5A-014;P5A-015;P5A-016;P5A-018;P5A-019;P5A-020;P5A-021;P5A-022;P5A-023;P5A-024;P5A-025;P5A-026;P5A-027;P5A-028;P5A-029;P5A-030;P5A-031;P5A-032;P5A-042,Retained finance-lease/other-debt balance stays at the October proxy because public undiscounted payments cannot be split between principal and interest. Gross debt is therefore a conservative diagnostic.
DB-P-0028,proposed,OP-0015,FY2029,Q3,2029-05-01,2029-07-31,438.75,16.25,0,0,422.5,29.70818888600573989603722403,8.49991794431104742551016761,15.37344757944568013887856318,0,22.83465925087110718266882846,62.619,1.6245,62.619,507.9536592508711071826688285,7.504985859006219014519645639,270.9653407491288928173311715,no,0,formula_calculated_base_case,contains_owner_reviewed_phase5_testing_assumptions,SRC-001;SRC-003,P5A-003;P5A-004;P5A-006;P5A-007;P5A-008;P5A-009;P5A-010;P5A-011;P5A-012;P5A-014;P5A-015;P5A-016;P5A-018;P5A-019;P5A-020;P5A-021;P5A-022;P5A-023;P5A-024;P5A-025;P5A-026;P5A-027;P5A-028;P5A-029;P5A-030;P5A-031;P5A-032;P5A-042,Retained finance-lease/other-debt balance stays at the October proxy because public undiscounted payments cannot be split between principal and interest. Gross debt is therefore a conservative diagnostic.
DB-P-0029,proposed,OP-0016,FY2029,Q4,2029-08-01,2029-10-31,422.5,16.25,0,0,406.25,22.83465925087110718266882846,8.22882074280917642587972734,15.91120944909781861857885126,0,15.15227054458246498996970454,62.619,1.6245,62.619,484.0212705445824649899697045,7.118555293624490390154381911,278.6477294554175350100302955,no,0,formula_calculated_base_case,contains_owner_reviewed_phase5_testing_assumptions,SRC-001;SRC-003,P5A-003;P5A-004;P5A-006;P5A-007;P5A-008;P5A-009;P5A-010;P5A-011;P5A-012;P5A-014;P5A-015;P5A-016;P5A-018;P5A-019;P5A-020;P5A-021;P5A-022;P5A-023;P5A-024;P5A-025;P5A-026;P5A-027;P5A-028;P5A-029;P5A-030;P5A-031;P5A-032;P5A-042,Retained finance-lease/other-debt balance stays at the October proxy because public undiscounted payments cannot be split between principal and interest. Gross debt is therefore a conservative diagnostic.
DB-P-0030,proposed,OP-0017,FY2030,Q1,2029-11-01,2030-01-31,406.25,16.25,0,0,390,15.15227054458246498996970454,15.46797116162290183450433573,1.55127123377299960547064306,0,29.06897047243236721900339721,62.619,1.5365,62.619,481.6879704724323672190033972,6.902416694818955933817095315,264.7310295275676327809966028,no,0,formula_calculated_base_case,contains_owner_reviewed_phase5_testing_assumptions,SRC-001;SRC-003,P5A-003;P5A-004;P5A-006;P5A-007;P5A-008;P5A-009;P5A-010;P5A-011;P5A-012;P5A-014;P5A-015;P5A-016;P5A-018;P5A-019;P5A-020;P5A-021;P5A-022;P5A-023;P5A-024;P5A-025;P5A-026;P5A-027;P5A-028;P5A-029;P5A-030;P5A-031;P5A-032;P5A-042,Retained finance-lease/other-debt balance stays at the October proxy because public undiscounted payments cannot be split between principal and interest. Gross debt is therefore a conservative diagnostic.
DB-P-0031,proposed,OP-0018,FY2030,Q2,2030-02-01,2030-04-30,390,16.25,0,0,373.75,29.06897047243236721900339721,7.92838647345554211953587947,16.50716578321021453760219571,0,20.49019116267769480093708097,62.619,1.5365,62.619,456.859191162677694800937081,6.679797660808782137006736968,273.309808837322305199062919,no,0,formula_calculated_base_case,contains_owner_reviewed_phase5_testing_assumptions,SRC-001;SRC-003,P5A-003;P5A-004;P5A-006;P5A-007;P5A-008;P5A-009;P5A-010;P5A-011;P5A-012;P5A-014;P5A-015;P5A-016;P5A-018;P5A-019;P5A-020;P5A-021;P5A-022;P5A-023;P5A-024;P5A-025;P5A-026;P5A-027;P5A-028;P5A-029;P5A-030;P5A-031;P5A-032;P5A-042,Retained finance-lease/other-debt balance stays at the October proxy because public undiscounted payments cannot be split between principal and interest. Gross debt is therefore a conservative diagnostic.
DB-P-0032,proposed,OP-0019,FY2030,Q3,2030-05-01,2030-07-31,373.75,16.25,0,0,357.5,20.49019116267769480093708097,8.05854874318587597196232224,16.24896944204338328238472484,0,12.29977046382018749051467837,62.619,1.5365,62.619,432.4187704638201874905146784,6.275166594895990896172441266,281.5002295361798125094853216,no,0,formula_calculated_base_case,contains_owner_reviewed_phase5_testing_assumptions,SRC-001;SRC-003,P5A-003;P5A-004;P5A-006;P5A-007;P5A-008;P5A-009;P5A-010;P5A-011;P5A-012;P5A-014;P5A-015;P5A-016;P5A-018;P5A-019;P5A-020;P5A-021;P5A-022;P5A-023;P5A-024;P5A-025;P5A-026;P5A-027;P5A-028;P5A-029;P5A-030;P5A-031;P5A-032;P5A-042,Retained finance-lease/other-debt balance stays at the October proxy because public undiscounted payments cannot be split between principal and interest. Gross debt is therefore a conservative diagnostic.
DB-P-0033,proposed,OP-0020,FY2030,Q4,2030-08-01,2030-10-31,357.5,16.25,0,0,341.25,12.29977046382018749051467837,3.30340584600539686365996683,12.29977046382018749051467837,0,3.30340584600539686365996683,62.619,1.5365,62.619,407.1724058460053968636599668,5.891640620998344127684222945,290.4965941539946031363400332,no,0,formula_calculated_base_case,contains_owner_reviewed_phase5_testing_assumptions,SRC-001;SRC-003,P5A-003;P5A-004;P5A-006;P5A-007;P5A-008;P5A-009;P5A-010;P5A-011;P5A-012;P5A-014;P5A-015;P5A-016;P5A-018;P5A-019;P5A-020;P5A-021;P5A-022;P5A-023;P5A-024;P5A-025;P5A-026;P5A-027;P5A-028;P5A-029;P5A-030;P5A-031;P5A-032;P5A-042,Retained finance-lease/other-debt balance stays at the October proxy because public undiscounted payments cannot be split between principal and interest. Gross debt is therefore a conservative diagnostic.
DB-P-0034,proposed,OP-0021,FY2031,Q1,2030-11-01,2031-01-31,341.25,16.25,0,0,325,3.30340584600539686365996683,15.04155563021491000735910037,2.39713025462714612442658393,0,15.94783122159316074659248327,62.619,1.5365,62.619,403.5668312215931607465924833,5.629750962137643361373299317,0,yes,340.9478312215931607465924833,formula_calculated_base_case,contains_owner_reviewed_phase5_testing_assumptions,SRC-001;SRC-003,P5A-003;P5A-004;P5A-006;P5A-007;P5A-008;P5A-009;P5A-010;P5A-011;P5A-012;P5A-014;P5A-015;P5A-016;P5A-018;P5A-019;P5A-020;P5A-021;P5A-022;P5A-023;P5A-024;P5A-025;P5A-026;P5A-027;P5A-028;P5A-029;P5A-030;P5A-031;P5A-032;P5A-042,Retained finance-lease/other-debt balance stays at the October proxy because public undiscounted payments cannot be split between principal and interest. Gross debt is therefore a conservative diagnostic.
