monthly_id,structure,month_start,month_end,fiscal_year,quarter,quarter_period_id,month_in_quarter,classification,review_status,opening_cash,revenue,lender_base_ebitda,cash_tax_proxy,working_capital_cash_flow,capital_expenditures,other_necessary_operating_cash_uses,cfads_before_cash_interest,opening_term_principal,scheduled_term_principal,cash_sweep,maturity_term_payment,ending_term_principal,opening_revolver,revolver_draw,revolver_repayment,maturity_revolver_payment,ending_revolver,cash_interest,retained_finance_and_other_debt_payment,recurring_financing_fees,recurring_financing_fees_status,scheduled_principal_priority_status,cash_after_mandatory_debt_service_before_distributions,dividends,share_repurchases,dividend_cash_funded_after_mandatory_debt_service,dividend_revolver_draw_caused,dividend_paid_while_revolver_outstanding,debt_funded_dividend_flag,repurchase_cash_funded_after_mandatory_debt_service,repurchase_revolver_draw_caused,repurchase_paid_while_revolver_outstanding,debt_funded_buyback_flag,cash_floor_effect_from_distributions,liquidity_threshold_effect_from_distributions,usable_liquidity_below_50_after_distributions_flag,provisional_term_distribution_compliance,cfo_proxy,fcf_proxy,cash_before_revolver_action,cash_applied_at_maturity,unsupported_maturity_funding_gap,ending_cash,operating_cash_floor,cash_floor_shortfall,letters_of_credit,revolver_commitment,revolver_availability,usable_liquidity,commitment_breach,maturity_event,model_status,iteration_count,assumption_ids,notes
ML-E-0001,existing,2026-02-01,2026-02-28,FY2026,Q2,OP-0002,1,formula_calculated_base_case,contains_owner_reviewed_phase5_testing_assumptions,25,150.82222935,21.06265873114659057598845477,-3.143143449144097643997113692,-0.02473504888548250231460016667,-5.27877802725,-0.2333333333333333333333333333,12.38266887253367709634340757,462.5,0,0,0,462.5,207.39771875,0,6.41161398900467774864447235,0,200.9861047609953222513555276,-3.650138216862332681032268549,-0.6959166666666666666666666667,,not_determinable_excluded_not_zero,mandatory_before_distributions,33.03661398900467774864447235,-1.208333333333333333333333333,-0.4166666666666666666666666667,1.208333333333333333333333333,0,1.208333333333333333333333333,no,0.4166666666666666666666666667,0,0.4166666666666666666666666667,no,0,1.625,no,pending_information_distribution_permissions,14.01130868292134441531113903,8.73253065567134441531113903,31.41161398900467774864447235,0,0,25,25,0,6.2,475,267.8138952390046777486444724,267.8138952390046777486444724,0,no,PASS,5,P5A-003;P5A-004;P5A-006;P5A-007;P5A-008;P5A-009;P5A-010;P5A-011;P5A-012;P5A-014;P5A-015;P5A-016;P5A-018;P5A-019;P5A-020;P5A-021;P5A-022;P5A-023;P5A-024;P5A-025;P5A-026;P5A-027;P5A-028;P5A-029;P5A-030;P5A-031;P5A-032;P5A-042,"Monthly operating flows are equal one-third allocations of the governing quarter. Retained-obligation payment includes principal and interest; the liability proxy is not amortized. Mandatory interest, retained-obligation payments and scheduled principal precede distributions. Recurring financing fees are not determinable and are excluded rather than set to zero."
ML-E-0002,existing,2026-03-01,2026-03-31,FY2026,Q2,OP-0002,2,formula_calculated_base_case,contains_owner_reviewed_phase5_testing_assumptions,25,150.82222935,21.06265873114659057598845477,-3.143143449144097643997113692,-0.02473504888548250231460016667,-5.27877802725,-0.2333333333333333333333333333,12.38266887253367709634340757,462.5,0,0,0,462.5,200.9861047609953222513555276,0,6.44681393544786117733070093,0,194.5392908255474610740248267,-3.61493827041914925234603997,-0.6959166666666666666666666667,,not_determinable_excluded_not_zero,mandatory_before_distributions,33.07181393544786117733070093,-1.208333333333333333333333333,-0.4166666666666666666666666667,1.208333333333333333333333333,0,1.208333333333333333333333333,no,0.4166666666666666666666666667,0,0.4166666666666666666666666667,no,0,1.625,no,pending_information_distribution_permissions,14.04650862936452784399736761,8.76773060211452784399736761,31.44681393544786117733070093,0,0,25,25,0,6.2,475,274.2607091744525389259751733,274.2607091744525389259751733,0,no,PASS,5,P5A-003;P5A-004;P5A-006;P5A-007;P5A-008;P5A-009;P5A-010;P5A-011;P5A-012;P5A-014;P5A-015;P5A-016;P5A-018;P5A-019;P5A-020;P5A-021;P5A-022;P5A-023;P5A-024;P5A-025;P5A-026;P5A-027;P5A-028;P5A-029;P5A-030;P5A-031;P5A-032;P5A-042,"Monthly operating flows are equal one-third allocations of the governing quarter. Retained-obligation payment includes principal and interest; the liability proxy is not amortized. Mandatory interest, retained-obligation payments and scheduled principal precede distributions. Recurring financing fees are not determinable and are excluded rather than set to zero."
ML-E-0003,existing,2026-04-01,2026-04-30,FY2026,Q2,OP-0002,3,formula_calculated_base_case,contains_owner_reviewed_phase5_testing_assumptions,25,150.82222935,21.06265873114659057598845477,-3.143143449144097643997113692,-0.02473504888548250231460016667,-5.27877802725,-0.2333333333333333333333333333,12.38266887253367709634340757,462.5,6.25,0,0,456.25,194.5392908255474610740248267,0,0.23220713061716697442318752,0,194.3070836949302940996016392,-3.579545075249843455253553378,-0.6959166666666666666666666667,,not_determinable_excluded_not_zero,mandatory_before_distributions,26.85720713061716697442318752,-1.208333333333333333333333333,-0.4166666666666666666666666667,1.208333333333333333333333333,0,1.208333333333333333333333333,no,0.4166666666666666666666666667,0,0.4166666666666666666666666667,no,0,1.625,no,pending_information_distribution_permissions,14.0819018245338336410898542,8.8031237972838336410898542,25.23220713061716697442318752,0,0,25,25,0,6.2,475,274.4929163050697059003983608,274.4929163050697059003983608,0,no,PASS,5,P5A-003;P5A-004;P5A-006;P5A-007;P5A-008;P5A-009;P5A-010;P5A-011;P5A-012;P5A-014;P5A-015;P5A-016;P5A-018;P5A-019;P5A-020;P5A-021;P5A-022;P5A-023;P5A-024;P5A-025;P5A-026;P5A-027;P5A-028;P5A-029;P5A-030;P5A-031;P5A-032;P5A-042,"Monthly operating flows are equal one-third allocations of the governing quarter. Retained-obligation payment includes principal and interest; the liability proxy is not amortized. Mandatory interest, retained-obligation payments and scheduled principal precede distributions. Recurring financing fees are not determinable and are excluded rather than set to zero."
ML-E-0004,existing,2026-05-01,2026-05-31,FY2026,Q3,OP-0003,1,formula_calculated_base_case,contains_owner_reviewed_phase5_testing_assumptions,25,165.086872725,21.1081290236343321760207788,-2.9537646960496580440051947,-0.02706957744765737285907863333,-5.778040545375,0,12.34925420476201675915650547,456.25,0,0,0,456.25,194.3070836949302940996016392,0,6.48428824393237748735953917,0,187.8227954509979166122421,-3.544049294162972605130299633,-0.6959166666666666666666666667,,not_determinable_excluded_not_zero,mandatory_before_distributions,33.10928824393237748735953917,-1.208333333333333333333333333,-0.4166666666666666666666666667,1.208333333333333333333333333,0,1.208333333333333333333333333,no,0.4166666666666666666666666667,0,0.4166666666666666666666666667,no,0,1.625,no,pending_information_distribution_permissions,14.58324545597404415402620584,8.80520491059904415402620584,31.48428824393237748735953917,0,0,25,25,0,6.2,475,280.9772045490020833877579,280.9772045490020833877579,0,no,PASS,5,P5A-003;P5A-004;P5A-006;P5A-007;P5A-008;P5A-009;P5A-010;P5A-011;P5A-012;P5A-014;P5A-015;P5A-016;P5A-018;P5A-019;P5A-020;P5A-021;P5A-022;P5A-023;P5A-024;P5A-025;P5A-026;P5A-027;P5A-028;P5A-029;P5A-030;P5A-031;P5A-032;P5A-042,"Monthly operating flows are equal one-third allocations of the governing quarter. Retained-obligation payment includes principal and interest; the liability proxy is not amortized. Mandatory interest, retained-obligation payments and scheduled principal precede distributions. Recurring financing fees are not determinable and are excluded rather than set to zero."
ML-E-0005,existing,2026-06-01,2026-06-30,FY2026,Q3,OP-0003,2,formula_calculated_base_case,contains_owner_reviewed_phase5_testing_assumptions,25,165.086872725,21.1081290236343321760207788,-2.9537646960496580440051947,-0.02706957744765737285907863333,-5.778040545375,0,12.34925420476201675915650547,456.25,0,0,0,456.25,187.8227954509979166122421,0,6.51988717413934336540078291,0,181.3029082768585732468413171,-3.508450363956006727089055887,-0.6959166666666666666666666667,,not_determinable_excluded_not_zero,mandatory_before_distributions,33.14488717413934336540078291,-1.208333333333333333333333333,-0.4166666666666666666666666667,1.208333333333333333333333333,0,1.208333333333333333333333333,no,0.4166666666666666666666666667,0,0.4166666666666666666666666667,no,0,1.625,no,pending_information_distribution_permissions,14.61884438618101003206744958,8.84080384080601003206744958,31.51988717413934336540078291,0,0,25,25,0,6.2,475,287.4970917231414267531586829,287.4970917231414267531586829,0,no,PASS,5,P5A-003;P5A-004;P5A-006;P5A-007;P5A-008;P5A-009;P5A-010;P5A-011;P5A-012;P5A-014;P5A-015;P5A-016;P5A-018;P5A-019;P5A-020;P5A-021;P5A-022;P5A-023;P5A-024;P5A-025;P5A-026;P5A-027;P5A-028;P5A-029;P5A-030;P5A-031;P5A-032;P5A-042,"Monthly operating flows are equal one-third allocations of the governing quarter. Retained-obligation payment includes principal and interest; the liability proxy is not amortized. Mandatory interest, retained-obligation payments and scheduled principal precede distributions. Recurring financing fees are not determinable and are excluded rather than set to zero."
ML-E-0006,existing,2026-07-01,2026-07-31,FY2026,Q3,OP-0003,3,formula_calculated_base_case,contains_owner_reviewed_phase5_testing_assumptions,25,165.086872725,21.1081290236343321760207788,-2.9537646960496580440051947,-0.02706957744765737285907863333,-5.778040545375,0,12.34925420476201675915650547,456.25,6.25,0,0,450,181.3029082768585732468413171,0,0.30568154350484705770571545,0,180.9972267333537261891356016,-3.472655994590503034784123352,-0.6959166666666666666666666667,,not_determinable_excluded_not_zero,mandatory_before_distributions,26.93068154350484705770571545,-1.208333333333333333333333333,-0.4166666666666666666666666667,1.208333333333333333333333333,0,1.208333333333333333333333333,no,0.4166666666666666666666666667,0,0.4166666666666666666666666667,no,0,1.625,no,pending_information_distribution_permissions,14.65463875554651372437238212,8.87659821017151372437238212,25.30568154350484705770571545,0,0,25,25,0,6.2,475,287.8027732666462738108643984,287.8027732666462738108643984,0,no,PASS,5,P5A-003;P5A-004;P5A-006;P5A-007;P5A-008;P5A-009;P5A-010;P5A-011;P5A-012;P5A-014;P5A-015;P5A-016;P5A-018;P5A-019;P5A-020;P5A-021;P5A-022;P5A-023;P5A-024;P5A-025;P5A-026;P5A-027;P5A-028;P5A-029;P5A-030;P5A-031;P5A-032;P5A-042,"Monthly operating flows are equal one-third allocations of the governing quarter. Retained-obligation payment includes principal and interest; the liability proxy is not amortized. Mandatory interest, retained-obligation payments and scheduled principal precede distributions. Recurring financing fees are not determinable and are excluded rather than set to zero."
ML-E-0007,existing,2026-08-01,2026-08-31,FY2026,Q4,OP-0004,1,formula_calculated_base_case,contains_owner_reviewed_phase5_testing_assumptions,25,163.27791795,21.24542458761538197942361973,-3.013546007593495494855904933,-0.0267738863605814244659023,-5.71472712825,0,12.4903775654113050601018125,450,0,0,0,450,180.9972267333537261891356016,0,6.73318317130995545838163438,0,174.2640435620437707307539672,-3.436277727434682935053511452,-0.6959166666666666666666666667,,not_determinable_excluded_not_zero,mandatory_before_distributions,33.35818317130995545838163438,-1.208333333333333333333333333,-0.4166666666666666666666666667,1.208333333333333333333333333,0,1.208333333333333333333333333,no,0.4166666666666666666666666667,0,0.4166666666666666666666666667,no,0,1.625,no,pending_information_distribution_permissions,14.76882696622662212504830105,9.05409983797662212504830105,31.73318317130995545838163438,0,0,25,25,0,6.2,475,294.5359564379562292692460328,294.5359564379562292692460328,0,no,PASS,5,P5A-003;P5A-004;P5A-006;P5A-007;P5A-008;P5A-009;P5A-010;P5A-011;P5A-012;P5A-014;P5A-015;P5A-016;P5A-018;P5A-019;P5A-020;P5A-021;P5A-022;P5A-023;P5A-024;P5A-025;P5A-026;P5A-027;P5A-028;P5A-029;P5A-030;P5A-031;P5A-032;P5A-042,"Monthly operating flows are equal one-third allocations of the governing quarter. Retained-obligation payment includes principal and interest; the liability proxy is not amortized. Mandatory interest, retained-obligation payments and scheduled principal precede distributions. Recurring financing fees are not determinable and are excluded rather than set to zero."
ML-E-0008,existing,2026-09-01,2026-09-30,FY2026,Q4,OP-0004,2,formula_calculated_base_case,contains_owner_reviewed_phase5_testing_assumptions,25,163.27791795,21.24542458761538197942361973,-3.013546007593495494855904933,-0.0267738863605814244659023,-5.71472712825,0,12.4903775654113050601018125,450,0,0,0,450,174.2640435620437707307539672,0,6.77014854187479304010944271,0,167.4938950201689776906445245,-3.399312356869845353325703116,-0.6959166666666666666666666667,,not_determinable_excluded_not_zero,mandatory_before_distributions,33.39514854187479304010944271,-1.208333333333333333333333333,-0.4166666666666666666666666667,1.208333333333333333333333333,0,1.208333333333333333333333333,no,0.4166666666666666666666666667,0,0.4166666666666666666666666667,no,0,1.625,no,pending_information_distribution_permissions,14.80579233679145970677610938,9.09106520854145970677610938,31.77014854187479304010944271,0,0,25,25,0,6.2,475,301.3061049798310223093554755,301.3061049798310223093554755,0,no,PASS,5,P5A-003;P5A-004;P5A-006;P5A-007;P5A-008;P5A-009;P5A-010;P5A-011;P5A-012;P5A-014;P5A-015;P5A-016;P5A-018;P5A-019;P5A-020;P5A-021;P5A-022;P5A-023;P5A-024;P5A-025;P5A-026;P5A-027;P5A-028;P5A-029;P5A-030;P5A-031;P5A-032;P5A-042,"Monthly operating flows are equal one-third allocations of the governing quarter. Retained-obligation payment includes principal and interest; the liability proxy is not amortized. Mandatory interest, retained-obligation payments and scheduled principal precede distributions. Recurring financing fees are not determinable and are excluded rather than set to zero."
ML-E-0009,existing,2026-10-01,2026-10-31,FY2026,Q4,OP-0004,3,formula_calculated_base_case,contains_owner_reviewed_phase5_testing_assumptions,25,163.27791795,21.24542458761538197942361973,-3.013546007593495494855904933,-0.0267738863605814244659023,-5.71472712825,0,12.4903775654113050601018125,450,6.25,0,0,443.75,167.4938950201689776906445245,0,0.55731685339529742313049112,0,166.9365781667736802675140334,-3.362144045349340970304654712,-0.6959166666666666666666666667,,not_determinable_excluded_not_zero,mandatory_before_distributions,27.18231685339529742313049112,-1.208333333333333333333333333,-0.4166666666666666666666666667,1.208333333333333333333333333,0,1.208333333333333333333333333,no,0.4166666666666666666666666667,0,0.4166666666666666666666666667,no,0,1.625,no,pending_information_distribution_permissions,14.84296064831196408979715779,9.12823352006196408979715779,25.55731685339529742313049112,0,0,25,25,0,6.2,475,301.8634218332263197324859666,301.8634218332263197324859666,0,no,PASS,5,P5A-003;P5A-004;P5A-006;P5A-007;P5A-008;P5A-009;P5A-010;P5A-011;P5A-012;P5A-014;P5A-015;P5A-016;P5A-018;P5A-019;P5A-020;P5A-021;P5A-022;P5A-023;P5A-024;P5A-025;P5A-026;P5A-027;P5A-028;P5A-029;P5A-030;P5A-031;P5A-032;P5A-042,"Monthly operating flows are equal one-third allocations of the governing quarter. Retained-obligation payment includes principal and interest; the liability proxy is not amortized. Mandatory interest, retained-obligation payments and scheduled principal precede distributions. Recurring financing fees are not determinable and are excluded rather than set to zero."
ML-E-0010,existing,2026-11-01,2026-11-30,FY2027,Q1,OP-0005,1,formula_calculated_base_case,contains_owner_reviewed_phase5_testing_assumptions,25,133.3413326833425,10.6747410285917755343104325,-0.792172682295264881077608126,0.0005084199225049231842327666667,-4.6669466439169875,0,5.216130122302028076417057143,443.75,0,0,0,443.75,166.9365781667736802675140334,0.42278627057669671149276322,0,0,167.3593644373503769790067966,-3.34466639287872478790982036,-0.66925,,not_determinable_excluded_not_zero,mandatory_before_distributions,26.20221372942330328850723678,-1.208333333333333333333333333,-0.4166666666666666666666666667,1.20221372942330328850723678,0.006119603910030044826096553,1.208333333333333333333333333,yes,0,0.4166666666666666666666666667,0.4166666666666666666666666667,yes,0.4227862705766967114927632197,1.625,no,pending_information_distribution_permissions,6.538410373340290788507236781,1.871463729423303288507236781,24.57721372942330328850723678,0,0,25,25,0,6.2,475,301.4406355626496230209932034,301.4406355626496230209932034,0,no,PASS,5,P5A-003;P5A-004;P5A-006;P5A-007;P5A-008;P5A-009;P5A-010;P5A-011;P5A-012;P5A-014;P5A-015;P5A-016;P5A-018;P5A-019;P5A-020;P5A-021;P5A-022;P5A-023;P5A-024;P5A-025;P5A-026;P5A-027;P5A-028;P5A-029;P5A-030;P5A-031;P5A-032;P5A-042,"Monthly operating flows are equal one-third allocations of the governing quarter. Retained-obligation payment includes principal and interest; the liability proxy is not amortized. Mandatory interest, retained-obligation payments and scheduled principal precede distributions. Recurring financing fees are not determinable and are excluded rather than set to zero."
ML-E-0011,existing,2026-12-01,2026-12-31,FY2027,Q1,OP-0005,2,formula_calculated_base_case,contains_owner_reviewed_phase5_testing_assumptions,25,133.3413326833425,10.6747410285917755343104325,-0.792172682295264881077608126,0.0005084199225049231842327666667,-4.6669466439169875,0,5.216130122302028076417057143,443.75,0,0,0,443.75,167.3593644373503769790067966,0.42510737944362699177335154,0,0,167.7844718167940039707801481,-3.346987501745655068190408677,-0.66925,,not_determinable_excluded_not_zero,mandatory_before_distributions,26.19989262055637300822664846,-1.208333333333333333333333333,-0.4166666666666666666666666667,1.19989262055637300822664846,0.008440712776960325106684873,1.208333333333333333333333333,yes,0,0.4166666666666666666666666667,0.4166666666666666666666666667,yes,0.4251073794436269917733515397,1.625,no,pending_information_distribution_permissions,6.536089264473360508226648464,1.869142620556373008226648464,24.57489262055637300822664846,0,0,25,25,0,6.2,475,301.0155281832059960292198519,301.0155281832059960292198519,0,no,PASS,5,P5A-003;P5A-004;P5A-006;P5A-007;P5A-008;P5A-009;P5A-010;P5A-011;P5A-012;P5A-014;P5A-015;P5A-016;P5A-018;P5A-019;P5A-020;P5A-021;P5A-022;P5A-023;P5A-024;P5A-025;P5A-026;P5A-027;P5A-028;P5A-029;P5A-030;P5A-031;P5A-032;P5A-042,"Monthly operating flows are equal one-third allocations of the governing quarter. Retained-obligation payment includes principal and interest; the liability proxy is not amortized. Mandatory interest, retained-obligation payments and scheduled principal precede distributions. Recurring financing fees are not determinable and are excluded rather than set to zero."
ML-E-0012,existing,2027-01-01,2027-01-31,FY2027,Q1,OP-0005,3,formula_calculated_base_case,contains_owner_reviewed_phase5_testing_assumptions,25,133.3413326833425,10.6747410285917755343104325,-0.792172682295264881077608126,0.0005084199225049231842327666667,-4.6669466439169875,0,5.216130122302028076417057143,443.75,6.25,0,0,437.5,167.7844718167940039707801481,6.67744123126448187320214473,0,0,174.4619130480584858439822928,-3.349321353566509949619201871,-0.66925,,not_determinable_excluded_not_zero,mandatory_before_distributions,19.94755876873551812679785527,-1.208333333333333333333333333,-0.4166666666666666666666666667,0,1.208333333333333333333333333,1.208333333333333333333333333,yes,0,0.4166666666666666666666666667,0.4166666666666666666666666667,yes,1.625,1.625,no,pending_information_distribution_permissions,6.53375541265250562679785527,1.86680876873551812679785527,18.32255876873551812679785527,0,0,25,25,0,6.2,475,294.3380869519415141560177072,294.3380869519415141560177072,0,no,PASS,5,P5A-003;P5A-004;P5A-006;P5A-007;P5A-008;P5A-009;P5A-010;P5A-011;P5A-012;P5A-014;P5A-015;P5A-016;P5A-018;P5A-019;P5A-020;P5A-021;P5A-022;P5A-023;P5A-024;P5A-025;P5A-026;P5A-027;P5A-028;P5A-029;P5A-030;P5A-031;P5A-032;P5A-042,"Monthly operating flows are equal one-third allocations of the governing quarter. Retained-obligation payment includes principal and interest; the liability proxy is not amortized. Mandatory interest, retained-obligation payments and scheduled principal precede distributions. Recurring financing fees are not determinable and are excluded rather than set to zero."
ML-E-0013,existing,2027-02-01,2027-02-28,FY2027,Q2,OP-0006,1,formula_calculated_base_case,contains_owner_reviewed_phase5_testing_assumptions,25,150.81845879426625,21.06213216467831191122405507,-3.143064870557869041556013767,0.0005524698596961096652975666667,-5.27864605779931875,0,12.64097370618082022933333887,437.5,0,0,0,437.5,174.4619130480584858439822928,0,7.01543699100449927557507001,0,167.4464760570539865684072228,-3.331286715176320953758268862,-0.66925,,not_determinable_excluded_not_zero,mandatory_before_distributions,33.64043699100449927557507001,-1.208333333333333333333333333,-0.4166666666666666666666666667,1.208333333333333333333333333,0,1.208333333333333333333333333,no,0.4166666666666666666666666667,0,0.4166666666666666666666666667,no,0,1.625,no,pending_information_distribution_permissions,14.58833304880381802557507001,9.30968699100449927557507001,32.01543699100449927557507001,0,0,25,25,0,6.2,475,301.3535239429460134315927772,301.3535239429460134315927772,0,no,PASS,5,P5A-003;P5A-004;P5A-006;P5A-007;P5A-008;P5A-009;P5A-010;P5A-011;P5A-012;P5A-014;P5A-015;P5A-016;P5A-018;P5A-019;P5A-020;P5A-021;P5A-022;P5A-023;P5A-024;P5A-025;P5A-026;P5A-027;P5A-028;P5A-029;P5A-030;P5A-031;P5A-032;P5A-042,"Monthly operating flows are equal one-third allocations of the governing quarter. Retained-obligation payment includes principal and interest; the liability proxy is not amortized. Mandatory interest, retained-obligation payments and scheduled principal precede distributions. Recurring financing fees are not determinable and are excluded rather than set to zero."
ML-E-0014,existing,2027-03-01,2027-03-31,FY2027,Q2,OP-0006,2,formula_calculated_base_case,contains_owner_reviewed_phase5_testing_assumptions,25,150.81845879426625,21.06213216467831191122405507,-3.143064870557869041556013767,0.0005524698596961096652975666667,-5.27864605779931875,0,12.64097370618082022933333887,437.5,0,0,0,437.5,167.4464760570539865684072228,0,7.05395194321191079328011286,0,160.3925241138420757751271099,-3.292771762968909436053226005,-0.66925,,not_determinable_excluded_not_zero,mandatory_before_distributions,33.67895194321191079328011286,-1.208333333333333333333333333,-0.4166666666666666666666666667,1.208333333333333333333333333,0,1.208333333333333333333333333,no,0.4166666666666666666666666667,0,0.4166666666666666666666666667,no,0,1.625,no,pending_information_distribution_permissions,14.62684800101122954328011286,9.34820194321191079328011286,32.05395194321191079328011286,0,0,25,25,0,6.2,475,308.4074758861579242248728901,308.4074758861579242248728901,0,no,PASS,5,P5A-003;P5A-004;P5A-006;P5A-007;P5A-008;P5A-009;P5A-010;P5A-011;P5A-012;P5A-014;P5A-015;P5A-016;P5A-018;P5A-019;P5A-020;P5A-021;P5A-022;P5A-023;P5A-024;P5A-025;P5A-026;P5A-027;P5A-028;P5A-029;P5A-030;P5A-031;P5A-032;P5A-042,"Monthly operating flows are equal one-third allocations of the governing quarter. Retained-obligation payment includes principal and interest; the liability proxy is not amortized. Mandatory interest, retained-obligation payments and scheduled principal precede distributions. Recurring financing fees are not determinable and are excluded rather than set to zero."
ML-E-0015,existing,2027-04-01,2027-04-30,FY2027,Q2,OP-0006,3,formula_calculated_base_case,contains_owner_reviewed_phase5_testing_assumptions,25,150.81845879426625,21.06213216467831191122405507,-3.143064870557869041556013767,0.0005524698596961096652975666667,-5.27864605779931875,0,12.64097370618082022933333887,437.5,6.25,0,0,431.25,160.3925241138420757751271099,0,0.84267834362307383520260099,0,159.5498457702190019399245089,-3.254045362557746394130737876,-0.66925,,not_determinable_excluded_not_zero,mandatory_before_distributions,27.46767834362307383520260099,-1.208333333333333333333333333,-0.4166666666666666666666666667,1.208333333333333333333333333,0,1.208333333333333333333333333,no,0.4166666666666666666666666667,0,0.4166666666666666666666666667,no,0,1.625,no,pending_information_distribution_permissions,14.66557440142239258520260099,9.38692834362307383520260099,25.84267834362307383520260099,0,0,25,25,0,6.2,475,309.2501542297809980600754911,309.2501542297809980600754911,0,no,PASS,5,P5A-003;P5A-004;P5A-006;P5A-007;P5A-008;P5A-009;P5A-010;P5A-011;P5A-012;P5A-014;P5A-015;P5A-016;P5A-018;P5A-019;P5A-020;P5A-021;P5A-022;P5A-023;P5A-024;P5A-025;P5A-026;P5A-027;P5A-028;P5A-029;P5A-030;P5A-031;P5A-032;P5A-042,"Monthly operating flows are equal one-third allocations of the governing quarter. Retained-obligation payment includes principal and interest; the liability proxy is not amortized. Mandatory interest, retained-obligation payments and scheduled principal precede distributions. Recurring financing fees are not determinable and are excluded rather than set to zero."
ML-E-0016,existing,2027-05-01,2027-05-31,FY2027,Q3,OP-0007,1,formula_calculated_base_case,contains_owner_reviewed_phase5_testing_assumptions,25,165.082745553181875,21.1076013204087413177163783,-2.953690851932256802554094575,0.000609614062517241662632,-5.777896094361365625,0,12.37662398817763613182491573,431.25,0,0,0,431.25,159.5498457702190019399245089,0,6.86654199128577918378942432,0,152.6833037789332227561350846,-3.215831996891856948035491415,-0.66925,,not_determinable_excluded_not_zero,mandatory_before_distributions,33.49154199128577918378942432,-1.208333333333333333333333333,-0.4166666666666666666666666667,1.208333333333333333333333333,0,1.208333333333333333333333333,no,0.4166666666666666666666666667,0,0.4166666666666666666666666667,no,0,1.625,no,pending_information_distribution_permissions,14.9386880856471448087894243,9.1607919912857791837894243,31.86654199128577918378942432,0,0,25,25,0,6.2,475,316.1166962210667772438649154,316.1166962210667772438649154,0,no,PASS,5,P5A-003;P5A-004;P5A-006;P5A-007;P5A-008;P5A-009;P5A-010;P5A-011;P5A-012;P5A-014;P5A-015;P5A-016;P5A-018;P5A-019;P5A-020;P5A-021;P5A-022;P5A-023;P5A-024;P5A-025;P5A-026;P5A-027;P5A-028;P5A-029;P5A-030;P5A-031;P5A-032;P5A-042,"Monthly operating flows are equal one-third allocations of the governing quarter. Retained-obligation payment includes principal and interest; the liability proxy is not amortized. Mandatory interest, retained-obligation payments and scheduled principal precede distributions. Recurring financing fees are not determinable and are excluded rather than set to zero."
ML-E-0017,existing,2027-06-01,2027-06-30,FY2027,Q3,OP-0007,2,formula_calculated_base_case,contains_owner_reviewed_phase5_testing_assumptions,25,165.082745553181875,21.1076013204087413177163783,-2.953690851932256802554094575,0.000609614062517241662632,-5.777896094361365625,0,12.37662398817763613182491573,431.25,0,0,0,431.25,152.6833037789332227561350846,0,6.90423950563359017788273489,0,145.7790642732996325782523497,-3.178134482544045953942180839,-0.66925,,not_determinable_excluded_not_zero,mandatory_before_distributions,33.52923950563359017788273489,-1.208333333333333333333333333,-0.4166666666666666666666666667,1.208333333333333333333333333,0,1.208333333333333333333333333,no,0.4166666666666666666666666667,0,0.4166666666666666666666666667,no,0,1.625,no,pending_information_distribution_permissions,14.97638559999495580288273488,9.19848950563359017788273488,31.90423950563359017788273489,0,0,25,25,0,6.2,475,323.0209357267003674217476503,323.0209357267003674217476503,0,no,PASS,5,P5A-003;P5A-004;P5A-006;P5A-007;P5A-008;P5A-009;P5A-010;P5A-011;P5A-012;P5A-014;P5A-015;P5A-016;P5A-018;P5A-019;P5A-020;P5A-021;P5A-022;P5A-023;P5A-024;P5A-025;P5A-026;P5A-027;P5A-028;P5A-029;P5A-030;P5A-031;P5A-032;P5A-042,"Monthly operating flows are equal one-third allocations of the governing quarter. Retained-obligation payment includes principal and interest; the liability proxy is not amortized. Mandatory interest, retained-obligation payments and scheduled principal precede distributions. Recurring financing fees are not determinable and are excluded rather than set to zero."
ML-E-0018,existing,2027-07-01,2027-07-31,FY2027,Q3,OP-0007,3,formula_calculated_base_case,contains_owner_reviewed_phase5_testing_assumptions,25,165.082745553181875,21.1076013204087413177163783,-2.953690851932256802554094575,0.000609614062517241662632,-5.777896094361365625,0,12.37662398817763613182491573,431.25,6.25,0,0,425,145.7790642732996325782523497,0,0.6921439804276351798136601,0,145.0869202928719973984386896,-3.140230007750000952011255628,-0.66925,,not_determinable_excluded_not_zero,mandatory_before_distributions,27.3171439804276351798136601,-1.208333333333333333333333333,-0.4166666666666666666666666667,1.208333333333333333333333333,0,1.208333333333333333333333333,no,0.4166666666666666666666666667,0,0.4166666666666666666666666667,no,0,1.625,no,pending_information_distribution_permissions,15.01429007478900080481366009,9.23639398042763517981366009,25.6921439804276351798136601,0,0,25,25,0,6.2,475,323.7130797071280026015613104,323.7130797071280026015613104,0,no,PASS,5,P5A-003;P5A-004;P5A-006;P5A-007;P5A-008;P5A-009;P5A-010;P5A-011;P5A-012;P5A-014;P5A-015;P5A-016;P5A-018;P5A-019;P5A-020;P5A-021;P5A-022;P5A-023;P5A-024;P5A-025;P5A-026;P5A-027;P5A-028;P5A-029;P5A-030;P5A-031;P5A-032;P5A-042,"Monthly operating flows are equal one-third allocations of the governing quarter. Retained-obligation payment includes principal and interest; the liability proxy is not amortized. Mandatory interest, retained-obligation payments and scheduled principal precede distributions. Recurring financing fees are not determinable and are excluded rather than set to zero."
ML-E-0019,existing,2027-08-01,2027-08-31,FY2027,Q4,OP-0008,1,formula_calculated_base_case,contains_owner_reviewed_phase5_testing_assumptions,25,163.27383600205125,21.24489345200069159487413413,-3.013470668943305657468533533,0.0006020078552603843986253333333,-5.71458426007179375,0,12.51744053084085257180422593,425,0,0,0,425,145.0869202928719973984386896,0,7.12145963799529870101949503,0,137.9654606548766986974191946,-3.101730892845553870784730902,-0.66925,,not_determinable_excluded_not_zero,mandatory_before_distributions,33.74645963799529870101949503,-1.208333333333333333333333333,-0.4166666666666666666666666667,1.208333333333333333333333333,0,1.208333333333333333333333333,no,0.4166666666666666666666666667,0,0.4166666666666666666666666667,no,0,1.625,no,pending_information_distribution_permissions,15.13029389806709245101949503,9.41570963799529870101949503,32.12145963799529870101949503,0,0,25,25,0,6.2,475,330.8345393451233013025808054,330.8345393451233013025808054,0,no,PASS,5,P5A-003;P5A-004;P5A-006;P5A-007;P5A-008;P5A-009;P5A-010;P5A-011;P5A-012;P5A-014;P5A-015;P5A-016;P5A-018;P5A-019;P5A-020;P5A-021;P5A-022;P5A-023;P5A-024;P5A-025;P5A-026;P5A-027;P5A-028;P5A-029;P5A-030;P5A-031;P5A-032;P5A-042,"Monthly operating flows are equal one-third allocations of the governing quarter. Retained-obligation payment includes principal and interest; the liability proxy is not amortized. Mandatory interest, retained-obligation payments and scheduled principal precede distributions. Recurring financing fees are not determinable and are excluded rather than set to zero."
ML-E-0020,existing,2027-09-01,2027-09-30,FY2027,Q4,OP-0008,2,formula_calculated_base_case,contains_owner_reviewed_phase5_testing_assumptions,25,163.27383600205125,21.24489345200069159487413413,-3.013470668943305657468533533,0.0006020078552603843986253333333,-5.71458426007179375,0,12.51744053084085257180422593,425,0,0,0,425,137.9654606548766986974191946,0,7.16055665760449714805916462,0,130.80490399727220154936003,-3.062633873236355423745061311,-0.66925,,not_determinable_excluded_not_zero,mandatory_before_distributions,33.78555665760449714805916462,-1.208333333333333333333333333,-0.4166666666666666666666666667,1.208333333333333333333333333,0,1.208333333333333333333333333,no,0.4166666666666666666666666667,0,0.4166666666666666666666666667,no,0,1.625,no,pending_information_distribution_permissions,15.16939091767629089805916462,9.45480665760449714805916462,32.16055665760449714805916462,0,0,25,25,0,6.2,475,337.99509600272779845063997,337.99509600272779845063997,0,no,PASS,5,P5A-003;P5A-004;P5A-006;P5A-007;P5A-008;P5A-009;P5A-010;P5A-011;P5A-012;P5A-014;P5A-015;P5A-016;P5A-018;P5A-019;P5A-020;P5A-021;P5A-022;P5A-023;P5A-024;P5A-025;P5A-026;P5A-027;P5A-028;P5A-029;P5A-030;P5A-031;P5A-032;P5A-042,"Monthly operating flows are equal one-third allocations of the governing quarter. Retained-obligation payment includes principal and interest; the liability proxy is not amortized. Mandatory interest, retained-obligation payments and scheduled principal precede distributions. Recurring financing fees are not determinable and are excluded rather than set to zero."
ML-E-0021,existing,2027-10-01,2027-10-31,FY2027,Q4,OP-0008,3,formula_calculated_base_case,contains_owner_reviewed_phase5_testing_assumptions,25,163.27383600205125,21.24489345200069159487413413,-3.013470668943305657468533533,0.0006020078552603843986253333333,-5.71458426007179375,0,12.51744053084085257180422593,425,6.25,0,0,418.75,130.80490399727220154936003,0,0.94986832098433626129061808,0,129.8550356762878652880694119,-3.023322209856516310513607854,-0.66925,,not_determinable_excluded_not_zero,mandatory_before_distributions,27.57486832098433626129061808,-1.208333333333333333333333333,-0.4166666666666666666666666667,1.208333333333333333333333333,0,1.208333333333333333333333333,no,0.4166666666666666666666666667,0,0.4166666666666666666666666667,no,0,1.625,no,pending_information_distribution_permissions,15.20870258105613001129061808,9.49411832098433626129061808,25.94986832098433626129061808,0,0,25,25,0,6.2,475,338.9449643237121347119305881,338.9449643237121347119305881,0,no,PASS,5,P5A-003;P5A-004;P5A-006;P5A-007;P5A-008;P5A-009;P5A-010;P5A-011;P5A-012;P5A-014;P5A-015;P5A-016;P5A-018;P5A-019;P5A-020;P5A-021;P5A-022;P5A-023;P5A-024;P5A-025;P5A-026;P5A-027;P5A-028;P5A-029;P5A-030;P5A-031;P5A-032;P5A-042,"Monthly operating flows are equal one-third allocations of the governing quarter. Retained-obligation payment includes principal and interest; the liability proxy is not amortized. Mandatory interest, retained-obligation payments and scheduled principal precede distributions. Recurring financing fees are not determinable and are excluded rather than set to zero."
ML-E-0022,existing,2027-11-01,2027-11-30,FY2028,Q1,OP-0009,1,formula_calculated_base_case,contains_owner_reviewed_phase5_testing_assumptions,25,133.3379991500254164375,10.67447416006606073992207474,-0.792152877978207499455581186,0.0005084072120068605611531333333,-4.6668299702508895753125,0,5.21599971904897052571514669,418.75,0,0,0,418.75,129.8550356762878652880694119,0,0.01827049754062201202799608,0,129.8367651787472432760414158,-3.003562554841681847020483936,-0.5691666666666666666666666667,,not_determinable_excluded_not_zero,mandatory_before_distributions,26.64327049754062201202799608,-1.208333333333333333333333333,-0.4166666666666666666666666667,1.208333333333333333333333333,0,1.208333333333333333333333333,no,0.4166666666666666666666666667,0,0.4166666666666666666666666667,no,0,1.625,no,pending_information_distribution_permissions,6.879267134458178254007162751,2.212437164207288678694662751,25.01827049754062201202799608,0,0,25,25,0,6.2,475,338.9632348212527567239585842,338.9632348212527567239585842,0,no,PASS,4,P5A-003;P5A-004;P5A-006;P5A-007;P5A-008;P5A-009;P5A-010;P5A-011;P5A-012;P5A-014;P5A-015;P5A-016;P5A-018;P5A-019;P5A-020;P5A-021;P5A-022;P5A-023;P5A-024;P5A-025;P5A-026;P5A-027;P5A-028;P5A-029;P5A-030;P5A-031;P5A-032;P5A-042,"Monthly operating flows are equal one-third allocations of the governing quarter. Retained-obligation payment includes principal and interest; the liability proxy is not amortized. Mandatory interest, retained-obligation payments and scheduled principal precede distributions. Recurring financing fees are not determinable and are excluded rather than set to zero."
ML-E-0023,existing,2027-12-01,2027-12-31,FY2028,Q1,OP-0009,2,formula_calculated_base_case,contains_owner_reviewed_phase5_testing_assumptions,25,133.3379991500254164375,10.67447416006606073992207474,-0.792152877978207499455581186,0.0005084072120068605611531333333,-4.6668299702508895753125,0,5.21599971904897052571514669,418.75,0,0,0,418.75,129.8367651787472432760414158,0,0.01837080310112317186635911,0,129.8183943756461201041750567,-3.003462249281180687182120911,-0.5691666666666666666666666667,,not_determinable_excluded_not_zero,mandatory_before_distributions,26.64337080310112317186635911,-1.208333333333333333333333333,-0.4166666666666666666666666667,1.208333333333333333333333333,0,1.208333333333333333333333333,no,0.4166666666666666666666666667,0,0.4166666666666666666666666667,no,0,1.625,no,pending_information_distribution_permissions,6.879367440018679413845525776,2.212537469767789838533025776,25.01837080310112317186635911,0,0,25,25,0,6.2,475,338.9816056243538798958249433,338.9816056243538798958249433,0,no,PASS,4,P5A-003;P5A-004;P5A-006;P5A-007;P5A-008;P5A-009;P5A-010;P5A-011;P5A-012;P5A-014;P5A-015;P5A-016;P5A-018;P5A-019;P5A-020;P5A-021;P5A-022;P5A-023;P5A-024;P5A-025;P5A-026;P5A-027;P5A-028;P5A-029;P5A-030;P5A-031;P5A-032;P5A-042,"Monthly operating flows are equal one-third allocations of the governing quarter. Retained-obligation payment includes principal and interest; the liability proxy is not amortized. Mandatory interest, retained-obligation payments and scheduled principal precede distributions. Recurring financing fees are not determinable and are excluded rather than set to zero."
ML-E-0024,existing,2028-01-01,2028-01-31,FY2028,Q1,OP-0009,3,formula_calculated_base_case,contains_owner_reviewed_phase5_testing_assumptions,25,133.3379991500254164375,10.67447416006606073992207474,-0.792152877978207499455581186,0.0005084072120068605611531333333,-4.6668299702508895753125,0,5.21599971904897052571514669,418.75,6.25,0,0,412.5,129.8183943756461201041750567,6.23152834065594893189762059,0,0,136.0499227163020690360726773,-3.003361393038252790946100612,-0.5691666666666666666666666667,,not_determinable_excluded_not_zero,mandatory_before_distributions,20.39347165934405106810237941,-1.208333333333333333333333333,-0.4166666666666666666666666667,0,1.208333333333333333333333333,1.208333333333333333333333333,yes,0,0.4166666666666666666666666667,0.4166666666666666666666666667,yes,1.625,1.625,no,pending_information_distribution_permissions,6.879468296261607310081546075,2.212638326010717734769046075,18.76847165934405106810237941,0,0,25,25,0,6.2,475,332.7500772836979309639273227,332.7500772836979309639273227,0,no,PASS,5,P5A-003;P5A-004;P5A-006;P5A-007;P5A-008;P5A-009;P5A-010;P5A-011;P5A-012;P5A-014;P5A-015;P5A-016;P5A-018;P5A-019;P5A-020;P5A-021;P5A-022;P5A-023;P5A-024;P5A-025;P5A-026;P5A-027;P5A-028;P5A-029;P5A-030;P5A-031;P5A-032;P5A-042,"Monthly operating flows are equal one-third allocations of the governing quarter. Retained-obligation payment includes principal and interest; the liability proxy is not amortized. Mandatory interest, retained-obligation payments and scheduled principal precede distributions. Recurring financing fees are not determinable and are excluded rather than set to zero."
ML-P-0001,proposed,2026-02-01,2026-02-28,FY2026,Q2,OP-0002,1,formula_calculated_base_case,contains_owner_reviewed_phase5_testing_assumptions,25,150.82222935,21.06265873114659057598845477,-3.143143449144097643997113692,-0.02473504888548250231460016667,-5.27877802725,-0.2333333333333333333333333333,12.38266887253367709634340757,650,0,0,0,650,29.89771875,0,6.35671369946206325842780365,0,23.54100505053793674157219635,-3.705038506404947171248937251,-0.6959166666666666666666666667,,not_determinable_excluded_not_zero,mandatory_before_distributions,32.98171369946206325842780365,-1.208333333333333333333333333,-0.4166666666666666666666666667,1.208333333333333333333333333,0,1.208333333333333333333333333,no,0.4166666666666666666666666667,0,0.4166666666666666666666666667,no,0,1.625,no,pending_information_buyback_while_revolver_outstanding,13.95640839337872992509447033,8.67763036612872992509447033,31.35671369946206325842780365,0,0,25,25,0,6.2,300,270.2589949494620632584278036,270.2589949494620632584278036,0,no,PASS,5,P5A-003;P5A-004;P5A-006;P5A-007;P5A-008;P5A-009;P5A-010;P5A-011;P5A-012;P5A-014;P5A-015;P5A-016;P5A-018;P5A-019;P5A-020;P5A-021;P5A-022;P5A-023;P5A-024;P5A-025;P5A-026;P5A-027;P5A-028;P5A-029;P5A-030;P5A-031;P5A-032;P5A-042,"Monthly operating flows are equal one-third allocations of the governing quarter. Retained-obligation payment includes principal and interest; the liability proxy is not amortized. Mandatory interest, retained-obligation payments and scheduled principal precede distributions. Recurring financing fees are not determinable and are excluded rather than set to zero."
ML-P-0002,proposed,2026-03-01,2026-03-31,FY2026,Q2,OP-0002,2,formula_calculated_base_case,contains_owner_reviewed_phase5_testing_assumptions,25,150.82222935,21.06265873114659057598845477,-3.143143449144097643997113692,-0.02473504888548250231460016667,-5.27877802725,-0.2333333333333333333333333333,12.38266887253367709634340757,650,0,0,0,650,23.54100505053793674157219635,0,6.39161224172606039651889262,0,17.14939280881187634505330373,-3.670139964140950033157848277,-0.6959166666666666666666666667,,not_determinable_excluded_not_zero,mandatory_before_distributions,33.01661224172606039651889262,-1.208333333333333333333333333,-0.4166666666666666666666666667,1.208333333333333333333333333,0,1.208333333333333333333333333,no,0.4166666666666666666666666667,0,0.4166666666666666666666666667,no,0,1.625,no,pending_information_buyback_while_revolver_outstanding,13.9913069356427270631855593,8.7125289083927270631855593,31.39161224172606039651889262,0,0,25,25,0,6.2,300,276.6506071911881236549466963,276.6506071911881236549466963,0,no,PASS,5,P5A-003;P5A-004;P5A-006;P5A-007;P5A-008;P5A-009;P5A-010;P5A-011;P5A-012;P5A-014;P5A-015;P5A-016;P5A-018;P5A-019;P5A-020;P5A-021;P5A-022;P5A-023;P5A-024;P5A-025;P5A-026;P5A-027;P5A-028;P5A-029;P5A-030;P5A-031;P5A-032;P5A-042,"Monthly operating flows are equal one-third allocations of the governing quarter. Retained-obligation payment includes principal and interest; the liability proxy is not amortized. Mandatory interest, retained-obligation payments and scheduled principal precede distributions. Recurring financing fees are not determinable and are excluded rather than set to zero."
ML-P-0003,proposed,2026-04-01,2026-04-30,FY2026,Q2,OP-0002,3,formula_calculated_base_case,contains_owner_reviewed_phase5_testing_assumptions,25,150.82222935,21.06265873114659057598845477,-3.143143449144097643997113692,-0.02473504888548250231460016667,-5.27877802725,-0.2333333333333333333333333333,12.38266887253367709634340757,650,16.25,0,0,633.75,17.14939280881187634505330373,9.82329762199995342260467161,0,0,26.97269043081182976765797534,-3.635049827866963852281412512,-0.6959166666666666666666666667,,not_determinable_excluded_not_zero,mandatory_before_distributions,16.80170237800004657739532839,-1.208333333333333333333333333,-0.4166666666666666666666666667,0,1.208333333333333333333333333,1.208333333333333333333333333,yes,0,0.4166666666666666666666666667,0.4166666666666666666666666667,yes,1.625,1.625,no,not_compliant_debt_funded_buyback,14.02639707191671324406199507,8.74761904466671324406199507,15.17670237800004657739532839,0,0,25,25,0,6.2,300,266.8273095691881702323420247,266.8273095691881702323420247,0,no,PASS,5,P5A-003;P5A-004;P5A-006;P5A-007;P5A-008;P5A-009;P5A-010;P5A-011;P5A-012;P5A-014;P5A-015;P5A-016;P5A-018;P5A-019;P5A-020;P5A-021;P5A-022;P5A-023;P5A-024;P5A-025;P5A-026;P5A-027;P5A-028;P5A-029;P5A-030;P5A-031;P5A-032;P5A-042,"Monthly operating flows are equal one-third allocations of the governing quarter. Retained-obligation payment includes principal and interest; the liability proxy is not amortized. Mandatory interest, retained-obligation payments and scheduled principal precede distributions. Recurring financing fees are not determinable and are excluded rather than set to zero."
ML-P-0004,proposed,2026-05-01,2026-05-31,FY2026,Q3,OP-0003,1,formula_calculated_base_case,contains_owner_reviewed_phase5_testing_assumptions,25,165.086872725,21.1081290236343321760207788,-2.9537646960496580440051947,-0.02706957744765737285907863333,-5.778040545375,0,12.34925420476201675915650547,633.75,0,0,0,633.75,26.97269043081182976765797534,0,6.42847876861475263789217978,0,20.54421166219707712976579556,-3.599858769480597454597659024,-0.6959166666666666666666666667,,not_determinable_excluded_not_zero,mandatory_before_distributions,33.05347876861475263789217978,-1.208333333333333333333333333,-0.4166666666666666666666666667,1.208333333333333333333333333,0,1.208333333333333333333333333,no,0.4166666666666666666666666667,0,0.4166666666666666666666666667,no,0,1.625,no,pending_information_buyback_while_revolver_outstanding,14.52743598065641930455884645,8.74939543528141930455884645,31.42847876861475263789217978,0,0,25,25,0,6.2,300,273.2557883378029228702342044,273.2557883378029228702342044,0,no,PASS,5,P5A-003;P5A-004;P5A-006;P5A-007;P5A-008;P5A-009;P5A-010;P5A-011;P5A-012;P5A-014;P5A-015;P5A-016;P5A-018;P5A-019;P5A-020;P5A-021;P5A-022;P5A-023;P5A-024;P5A-025;P5A-026;P5A-027;P5A-028;P5A-029;P5A-030;P5A-031;P5A-032;P5A-042,"Monthly operating flows are equal one-third allocations of the governing quarter. Retained-obligation payment includes principal and interest; the liability proxy is not amortized. Mandatory interest, retained-obligation payments and scheduled principal precede distributions. Recurring financing fees are not determinable and are excluded rather than set to zero."
ML-P-0005,proposed,2026-06-01,2026-06-30,FY2026,Q3,OP-0003,2,formula_calculated_base_case,contains_owner_reviewed_phase5_testing_assumptions,25,165.086872725,21.1081290236343321760207788,-2.9537646960496580440051947,-0.02706957744765737285907863333,-5.778040545375,0,12.34925420476201675915650547,633.75,0,0,0,633.75,20.54421166219707712976579556,0,6.46377130318630261583061629,0,14.08044035901077451393517927,-3.564566234909047476659222507,-0.6959166666666666666666666667,,not_determinable_excluded_not_zero,mandatory_before_distributions,33.08877130318630261583061629,-1.208333333333333333333333333,-0.4166666666666666666666666667,1.208333333333333333333333333,0,1.208333333333333333333333333,no,0.4166666666666666666666666667,0,0.4166666666666666666666666667,no,0,1.625,no,pending_information_buyback_while_revolver_outstanding,14.56272851522796928249728296,8.78468796985296928249728296,31.46377130318630261583061629,0,0,25,25,0,6.2,300,279.7195596409892254860648207,279.7195596409892254860648207,0,no,PASS,5,P5A-003;P5A-004;P5A-006;P5A-007;P5A-008;P5A-009;P5A-010;P5A-011;P5A-012;P5A-014;P5A-015;P5A-016;P5A-018;P5A-019;P5A-020;P5A-021;P5A-022;P5A-023;P5A-024;P5A-025;P5A-026;P5A-027;P5A-028;P5A-029;P5A-030;P5A-031;P5A-032;P5A-042,"Monthly operating flows are equal one-third allocations of the governing quarter. Retained-obligation payment includes principal and interest; the liability proxy is not amortized. Mandatory interest, retained-obligation payments and scheduled principal precede distributions. Recurring financing fees are not determinable and are excluded rather than set to zero."
ML-P-0006,proposed,2026-07-01,2026-07-31,FY2026,Q3,OP-0003,3,formula_calculated_base_case,contains_owner_reviewed_phase5_testing_assumptions,25,165.086872725,21.1081290236343321760207788,-2.9537646960496580440051947,-0.02706957744765737285907863333,-5.778040545375,0,12.34925420476201675915650547,633.75,16.25,0,0,617.5,14.08044035901077451393517927,9.75074240520298214207305018,0,0,23.83118276421375665600822945,-3.529079943298332234562888982,-0.6959166666666666666666666667,,not_determinable_excluded_not_zero,mandatory_before_distributions,16.87425759479701785792694982,-1.208333333333333333333333333,-0.4166666666666666666666666667,0,1.208333333333333333333333333,1.208333333333333333333333333,yes,0,0.4166666666666666666666666667,0.4166666666666666666666666667,yes,1.625,1.625,no,not_compliant_debt_funded_buyback,14.59821480683868452459361649,8.82017426146368452459361649,15.24925759479701785792694982,0,0,25,25,0,6.2,300,269.9688172357862433439917706,269.9688172357862433439917706,0,no,PASS,5,P5A-003;P5A-004;P5A-006;P5A-007;P5A-008;P5A-009;P5A-010;P5A-011;P5A-012;P5A-014;P5A-015;P5A-016;P5A-018;P5A-019;P5A-020;P5A-021;P5A-022;P5A-023;P5A-024;P5A-025;P5A-026;P5A-027;P5A-028;P5A-029;P5A-030;P5A-031;P5A-032;P5A-042,"Monthly operating flows are equal one-third allocations of the governing quarter. Retained-obligation payment includes principal and interest; the liability proxy is not amortized. Mandatory interest, retained-obligation payments and scheduled principal precede distributions. Recurring financing fees are not determinable and are excluded rather than set to zero."
ML-P-0007,proposed,2026-08-01,2026-08-31,FY2026,Q4,OP-0004,1,formula_calculated_base_case,contains_owner_reviewed_phase5_testing_assumptions,25,163.27791795,21.24542458761538197942361973,-3.013546007593495494855904933,-0.0267738863605814244659023,-5.71472712825,0,12.4903775654113050601018125,617.5,0,0,0,617.5,23.83118276421375665600822945,0,6.67644945348846917090296471,0,17.15473331072528748510526474,-3.493011445256169222532181124,-0.6959166666666666666666666667,,not_determinable_excluded_not_zero,mandatory_before_distributions,33.30144945348846917090296471,-1.208333333333333333333333333,-0.4166666666666666666666666667,1.208333333333333333333333333,0,1.208333333333333333333333333,no,0.4166666666666666666666666667,0,0.4166666666666666666666666667,no,0,1.625,no,pending_information_buyback_while_revolver_outstanding,14.71209324840513583756963138,8.99736612015513583756963138,31.67644945348846917090296471,0,0,25,25,0,6.2,300,276.6452666892747125148947353,276.6452666892747125148947353,0,no,PASS,5,P5A-003;P5A-004;P5A-006;P5A-007;P5A-008;P5A-009;P5A-010;P5A-011;P5A-012;P5A-014;P5A-015;P5A-016;P5A-018;P5A-019;P5A-020;P5A-021;P5A-022;P5A-023;P5A-024;P5A-025;P5A-026;P5A-027;P5A-028;P5A-029;P5A-030;P5A-031;P5A-032;P5A-042,"Monthly operating flows are equal one-third allocations of the governing quarter. Retained-obligation payment includes principal and interest; the liability proxy is not amortized. Mandatory interest, retained-obligation payments and scheduled principal precede distributions. Recurring financing fees are not determinable and are excluded rather than set to zero."
ML-P-0008,proposed,2026-09-01,2026-09-30,FY2026,Q4,OP-0004,2,formula_calculated_base_case,contains_owner_reviewed_phase5_testing_assumptions,25,163.27791795,21.24542458761538197942361973,-3.013546007593495494855904933,-0.0267738863605814244659023,-5.71472712825,0,12.4903775654113050601018125,617.5,0,0,0,617.5,17.15473331072528748510526474,0,6.71310335429978389413418123,0,10.44162995642550359097108351,-3.456357544444854499300964603,-0.6959166666666666666666666667,,not_determinable_excluded_not_zero,mandatory_before_distributions,33.33810335429978389413418123,-1.208333333333333333333333333,-0.4166666666666666666666666667,1.208333333333333333333333333,0,1.208333333333333333333333333,no,0.4166666666666666666666666667,0,0.4166666666666666666666666667,no,0,1.625,no,pending_information_buyback_while_revolver_outstanding,14.7487471492164505608008479,9.0340200209664505608008479,31.71310335429978389413418123,0,0,25,25,0,6.2,300,283.3583700435744964090289165,283.3583700435744964090289165,0,no,PASS,5,P5A-003;P5A-004;P5A-006;P5A-007;P5A-008;P5A-009;P5A-010;P5A-011;P5A-012;P5A-014;P5A-015;P5A-016;P5A-018;P5A-019;P5A-020;P5A-021;P5A-022;P5A-023;P5A-024;P5A-025;P5A-026;P5A-027;P5A-028;P5A-029;P5A-030;P5A-031;P5A-032;P5A-042,"Monthly operating flows are equal one-third allocations of the governing quarter. Retained-obligation payment includes principal and interest; the liability proxy is not amortized. Mandatory interest, retained-obligation payments and scheduled principal precede distributions. Recurring financing fees are not determinable and are excluded rather than set to zero."
ML-P-0009,proposed,2026-10-01,2026-10-31,FY2026,Q4,OP-0004,3,formula_calculated_base_case,contains_owner_reviewed_phase5_testing_assumptions,25,163.27791795,21.24542458761538197942361973,-3.013546007593495494855904933,-0.0267738863605814244659023,-5.71472712825,0,12.4903775654113050601018125,617.5,16.25,0,0,601.25,10.44162995642550359097108351,9.50004151390966245599102793,0,0,19.94167147033516604696211144,-3.419502412654300849426173762,-0.6959166666666666666666666667,,not_determinable_excluded_not_zero,mandatory_before_distributions,17.12495848609033754400897207,-1.208333333333333333333333333,-0.4166666666666666666666666667,0,1.208333333333333333333333333,1.208333333333333333333333333,yes,0,0.4166666666666666666666666667,0.4166666666666666666666666667,yes,1.625,1.625,no,not_compliant_debt_funded_buyback,14.78560228100700421067563874,9.07087515275700421067563874,15.49995848609033754400897207,0,0,25,25,0,6.2,300,273.8583285296648339530378886,273.8583285296648339530378886,0,no,PASS,5,P5A-003;P5A-004;P5A-006;P5A-007;P5A-008;P5A-009;P5A-010;P5A-011;P5A-012;P5A-014;P5A-015;P5A-016;P5A-018;P5A-019;P5A-020;P5A-021;P5A-022;P5A-023;P5A-024;P5A-025;P5A-026;P5A-027;P5A-028;P5A-029;P5A-030;P5A-031;P5A-032;P5A-042,"Monthly operating flows are equal one-third allocations of the governing quarter. Retained-obligation payment includes principal and interest; the liability proxy is not amortized. Mandatory interest, retained-obligation payments and scheduled principal precede distributions. Recurring financing fees are not determinable and are excluded rather than set to zero."
ML-P-0010,proposed,2026-11-01,2026-11-30,FY2027,Q1,OP-0005,1,formula_calculated_base_case,contains_owner_reviewed_phase5_testing_assumptions,25,133.3413326833425,10.6747410285917755343104325,-0.792172682295264881077608126,0.0005084199225049231842327666667,-4.6669466439169875,0,5.216130122302028076417057143,601.25,0,0,0,601.25,19.94167147033516604696211144,0.48045953698046732610792777,0,0,20.42213100731563337307003921,-3.402339659282495402524984906,-0.66925,,not_determinable_excluded_not_zero,mandatory_before_distributions,26.14454046301953267389207223,-1.208333333333333333333333333,-0.4166666666666666666666666667,1.14454046301953267389207223,0.063792870313800659441261103,1.208333333333333333333333333,yes,0,0.4166666666666666666666666667,0.4166666666666666666666666667,yes,0.4804595369804673261079277697,1.625,no,not_compliant_debt_funded_buyback,6.480737106936520173892072235,1.813790463019532673892072235,24.51954046301953267389207223,0,0,25,25,0,6.2,300,273.3778689926843666269299608,273.3778689926843666269299608,0,no,PASS,5,P5A-003;P5A-004;P5A-006;P5A-007;P5A-008;P5A-009;P5A-010;P5A-011;P5A-012;P5A-014;P5A-015;P5A-016;P5A-018;P5A-019;P5A-020;P5A-021;P5A-022;P5A-023;P5A-024;P5A-025;P5A-026;P5A-027;P5A-028;P5A-029;P5A-030;P5A-031;P5A-032;P5A-042,"Monthly operating flows are equal one-third allocations of the governing quarter. Retained-obligation payment includes principal and interest; the liability proxy is not amortized. Mandatory interest, retained-obligation payments and scheduled principal precede distributions. Recurring financing fees are not determinable and are excluded rather than set to zero."
ML-P-0011,proposed,2026-12-01,2026-12-31,FY2027,Q1,OP-0005,2,formula_calculated_base_case,contains_owner_reviewed_phase5_testing_assumptions,25,133.3413326833425,10.6747410285917755343104325,-0.792172682295264881077608126,0.0005084199225049231842327666667,-4.6669466439169875,0,5.216130122302028076417057143,601.25,0,0,0,601.25,20.42213100731563337307003921,0.48309727374984114113660531,0,0,20.90522828106547451420664452,-3.40497739605186921755366245,-0.66925,,not_determinable_excluded_not_zero,mandatory_before_distributions,26.14190272625015885886339469,-1.208333333333333333333333333,-0.4166666666666666666666666667,1.14190272625015885886339469,0.066430607083174474469938643,1.208333333333333333333333333,yes,0,0.4166666666666666666666666667,0.4166666666666666666666666667,yes,0.4830972737498411411366053097,1.625,no,not_compliant_debt_funded_buyback,6.478099370167146358863394691,1.811152726250158858863394691,24.51690272625015885886339469,0,0,25,25,0,6.2,300,272.8947717189345254857933555,272.8947717189345254857933555,0,no,PASS,5,P5A-003;P5A-004;P5A-006;P5A-007;P5A-008;P5A-009;P5A-010;P5A-011;P5A-012;P5A-014;P5A-015;P5A-016;P5A-018;P5A-019;P5A-020;P5A-021;P5A-022;P5A-023;P5A-024;P5A-025;P5A-026;P5A-027;P5A-028;P5A-029;P5A-030;P5A-031;P5A-032;P5A-042,"Monthly operating flows are equal one-third allocations of the governing quarter. Retained-obligation payment includes principal and interest; the liability proxy is not amortized. Mandatory interest, retained-obligation payments and scheduled principal precede distributions. Recurring financing fees are not determinable and are excluded rather than set to zero."
ML-P-0012,proposed,2027-01-01,2027-01-31,FY2027,Q1,OP-0005,3,formula_calculated_base_case,contains_owner_reviewed_phase5_testing_assumptions,25,133.3413326833425,10.6747410285917755343104325,-0.792172682295264881077608126,0.0005084199225049231842327666667,-4.6669466439169875,0,5.216130122302028076417057143,601.25,16.25,0,0,585,20.90522828106547451420664452,16.73574949176795435686821645,0,0,37.64097777283342887107486097,-3.407629614069982433285273588,-0.66925,,not_determinable_excluded_not_zero,mandatory_before_distributions,9.88925050823204564313178355,-1.208333333333333333333333333,-0.4166666666666666666666666667,0,1.208333333333333333333333333,1.208333333333333333333333333,yes,0,0.4166666666666666666666666667,0.4166666666666666666666666667,yes,1.625,1.625,no,not_compliant_debt_funded_buyback,6.475447152149033143131783553,1.808500508232045643131783553,8.26425050823204564313178355,0,0,25,25,0,6.2,300,256.159022227166571128925139,256.159022227166571128925139,0,no,PASS,5,P5A-003;P5A-004;P5A-006;P5A-007;P5A-008;P5A-009;P5A-010;P5A-011;P5A-012;P5A-014;P5A-015;P5A-016;P5A-018;P5A-019;P5A-020;P5A-021;P5A-022;P5A-023;P5A-024;P5A-025;P5A-026;P5A-027;P5A-028;P5A-029;P5A-030;P5A-031;P5A-032;P5A-042,"Monthly operating flows are equal one-third allocations of the governing quarter. Retained-obligation payment includes principal and interest; the liability proxy is not amortized. Mandatory interest, retained-obligation payments and scheduled principal precede distributions. Recurring financing fees are not determinable and are excluded rather than set to zero."
ML-P-0013,proposed,2027-02-01,2027-02-28,FY2027,Q2,OP-0006,1,formula_calculated_base_case,contains_owner_reviewed_phase5_testing_assumptions,25,150.81845879426625,21.06213216467831191122405507,-3.143064870557869041556013767,0.0005524698596961096652975666667,-5.27864605779931875,0,12.64097370618082022933333887,585,0,0,0,585,37.64097777283342887107486097,0,6.95680861646105276619802181,0,30.68416915637237610487683916,-3.389915089719767463135317059,-0.66925,,not_determinable_excluded_not_zero,mandatory_before_distributions,33.58180861646105276619802181,-1.208333333333333333333333333,-0.4166666666666666666666666667,1.208333333333333333333333333,0,1.208333333333333333333333333,no,0.4166666666666666666666666667,0,0.4166666666666666666666666667,no,0,1.625,no,pending_information_buyback_while_revolver_outstanding,14.52970467426037151619802181,9.25105861646105276619802181,31.95680861646105276619802181,0,0,25,25,0,6.2,300,263.1158308436276238951231608,263.1158308436276238951231608,0,no,PASS,5,P5A-003;P5A-004;P5A-006;P5A-007;P5A-008;P5A-009;P5A-010;P5A-011;P5A-012;P5A-014;P5A-015;P5A-016;P5A-018;P5A-019;P5A-020;P5A-021;P5A-022;P5A-023;P5A-024;P5A-025;P5A-026;P5A-027;P5A-028;P5A-029;P5A-030;P5A-031;P5A-032;P5A-042,"Monthly operating flows are equal one-third allocations of the governing quarter. Retained-obligation payment includes principal and interest; the liability proxy is not amortized. Mandatory interest, retained-obligation payments and scheduled principal precede distributions. Recurring financing fees are not determinable and are excluded rather than set to zero."
ML-P-0014,proposed,2027-03-01,2027-03-31,FY2027,Q2,OP-0006,2,formula_calculated_base_case,contains_owner_reviewed_phase5_testing_assumptions,25,150.81845879426625,21.06213216467831191122405507,-3.143064870557869041556013767,0.0005524698596961096652975666667,-5.27864605779931875,0,12.64097370618082022933333887,585,0,0,0,585,30.68416915637237610487683916,0,6.99500169719467947770446814,0,23.68916745917769662717237102,-3.351722008986140751628870733,-0.66925,,not_determinable_excluded_not_zero,mandatory_before_distributions,33.62000169719467947770446814,-1.208333333333333333333333333,-0.4166666666666666666666666667,1.208333333333333333333333333,0,1.208333333333333333333333333,no,0.4166666666666666666666666667,0,0.4166666666666666666666666667,no,0,1.625,no,pending_information_buyback_while_revolver_outstanding,14.56789775499399822770446814,9.28925169719467947770446814,31.99500169719467947770446814,0,0,25,25,0,6.2,300,270.110832540822303372827629,270.110832540822303372827629,0,no,PASS,5,P5A-003;P5A-004;P5A-006;P5A-007;P5A-008;P5A-009;P5A-010;P5A-011;P5A-012;P5A-014;P5A-015;P5A-016;P5A-018;P5A-019;P5A-020;P5A-021;P5A-022;P5A-023;P5A-024;P5A-025;P5A-026;P5A-027;P5A-028;P5A-029;P5A-030;P5A-031;P5A-032;P5A-042,"Monthly operating flows are equal one-third allocations of the governing quarter. Retained-obligation payment includes principal and interest; the liability proxy is not amortized. Mandatory interest, retained-obligation payments and scheduled principal precede distributions. Recurring financing fees are not determinable and are excluded rather than set to zero."
ML-P-0015,proposed,2027-04-01,2027-04-30,FY2027,Q2,OP-0006,3,formula_calculated_base_case,contains_owner_reviewed_phase5_testing_assumptions,25,150.81845879426625,21.06213216467831191122405507,-3.143064870557869041556013767,0.0005524698596961096652975666667,-5.27864605779931875,0,12.64097370618082022933333887,585,16.25,0,0,568.75,23.68916745917769662717237102,9.21659554095011557344217404,0,0,32.90576300012781220061454506,-3.313319247130935802775512906,-0.66925,,not_determinable_excluded_not_zero,mandatory_before_distributions,17.40840445904988442655782596,-1.208333333333333333333333333,-0.4166666666666666666666666667,0,1.208333333333333333333333333,1.208333333333333333333333333,yes,0,0.4166666666666666666666666667,0.4166666666666666666666666667,yes,1.625,1.625,no,not_compliant_debt_funded_buyback,14.60630051684920317655782596,9.32765445904988442655782596,15.78340445904988442655782596,0,0,25,25,0,6.2,300,260.8942369998721877993854549,260.8942369998721877993854549,0,no,PASS,5,P5A-003;P5A-004;P5A-006;P5A-007;P5A-008;P5A-009;P5A-010;P5A-011;P5A-012;P5A-014;P5A-015;P5A-016;P5A-018;P5A-019;P5A-020;P5A-021;P5A-022;P5A-023;P5A-024;P5A-025;P5A-026;P5A-027;P5A-028;P5A-029;P5A-030;P5A-031;P5A-032;P5A-042,"Monthly operating flows are equal one-third allocations of the governing quarter. Retained-obligation payment includes principal and interest; the liability proxy is not amortized. Mandatory interest, retained-obligation payments and scheduled principal precede distributions. Recurring financing fees are not determinable and are excluded rather than set to zero."
ML-P-0016,proposed,2027-05-01,2027-05-31,FY2027,Q3,OP-0007,1,formula_calculated_base_case,contains_owner_reviewed_phase5_testing_assumptions,25,165.082745553181875,21.1076013204087413177163783,-2.953690851932256802554094575,0.000609614062517241662632,-5.777896094361365625,0,12.37662398817763613182491573,568.75,0,0,0,568.75,32.90576300012781220061454506,0,6.80694269136851407173948755,0,26.09882030875929812887505751,-3.275431296809122060085428178,-0.66925,,not_determinable_excluded_not_zero,mandatory_before_distributions,33.43194269136851407173948755,-1.208333333333333333333333333,-0.4166666666666666666666666667,1.208333333333333333333333333,0,1.208333333333333333333333333,no,0.4166666666666666666666666667,0,0.4166666666666666666666666667,no,0,1.625,no,pending_information_buyback_while_revolver_outstanding,14.87908878572987969673948754,9.10119269136851407173948754,31.80694269136851407173948755,0,0,25,25,0,6.2,300,267.7011796912407018711249425,267.7011796912407018711249425,0,no,PASS,5,P5A-003;P5A-004;P5A-006;P5A-007;P5A-008;P5A-009;P5A-010;P5A-011;P5A-012;P5A-014;P5A-015;P5A-016;P5A-018;P5A-019;P5A-020;P5A-021;P5A-022;P5A-023;P5A-024;P5A-025;P5A-026;P5A-027;P5A-028;P5A-029;P5A-030;P5A-031;P5A-032;P5A-042,"Monthly operating flows are equal one-third allocations of the governing quarter. Retained-obligation payment includes principal and interest; the liability proxy is not amortized. Mandatory interest, retained-obligation payments and scheduled principal precede distributions. Recurring financing fees are not determinable and are excluded rather than set to zero."
ML-P-0017,proposed,2027-06-01,2027-06-30,FY2027,Q3,OP-0007,2,formula_calculated_base_case,contains_owner_reviewed_phase5_testing_assumptions,25,165.082745553181875,21.1076013204087413177163783,-2.953690851932256802554094575,0.000609614062517241662632,-5.777896094361365625,0,12.37662398817763613182491573,568.75,0,0,0,568.75,26.09882030875929812887505751,0,6.84431300383412556838449452,0,19.25450730492517256049056299,-3.238060984343510563440421209,-0.66925,,not_determinable_excluded_not_zero,mandatory_before_distributions,33.46931300383412556838449452,-1.208333333333333333333333333,-0.4166666666666666666666666667,1.208333333333333333333333333,0,1.208333333333333333333333333,no,0.4166666666666666666666666667,0,0.4166666666666666666666666667,no,0,1.625,no,pending_information_buyback_while_revolver_outstanding,14.91645909819549119338449451,9.13856300383412556838449451,31.84431300383412556838449452,0,0,25,25,0,6.2,300,274.545492695074827439509437,274.545492695074827439509437,0,no,PASS,5,P5A-003;P5A-004;P5A-006;P5A-007;P5A-008;P5A-009;P5A-010;P5A-011;P5A-012;P5A-014;P5A-015;P5A-016;P5A-018;P5A-019;P5A-020;P5A-021;P5A-022;P5A-023;P5A-024;P5A-025;P5A-026;P5A-027;P5A-028;P5A-029;P5A-030;P5A-031;P5A-032;P5A-042,"Monthly operating flows are equal one-third allocations of the governing quarter. Retained-obligation payment includes principal and interest; the liability proxy is not amortized. Mandatory interest, retained-obligation payments and scheduled principal precede distributions. Recurring financing fees are not determinable and are excluded rather than set to zero."
ML-P-0018,proposed,2027-07-01,2027-07-31,FY2027,Q3,OP-0007,3,formula_calculated_base_case,contains_owner_reviewed_phase5_testing_assumptions,25,165.082745553181875,21.1076013204087413177163783,-2.953690851932256802554094575,0.000609614062517241662632,-5.777896094361365625,0,12.37662398817763613182491573,568.75,16.25,0,0,552.5,19.25450730492517256049056299,9.36811151960029874869724757,0,0,28.62261882452547130918781056,-3.200485507777934880522163304,-0.66925,,not_determinable_excluded_not_zero,mandatory_before_distributions,17.25688848039970125130275243,-1.208333333333333333333333333,-0.4166666666666666666666666667,0,1.208333333333333333333333333,1.208333333333333333333333333,yes,0,0.4166666666666666666666666667,0.4166666666666666666666666667,yes,1.625,1.625,no,not_compliant_debt_funded_buyback,14.95403457476106687630275242,9.17613848039970125130275242,15.63188848039970125130275243,0,0,25,25,0,6.2,300,265.1773811754745286908121894,265.1773811754745286908121894,0,no,PASS,5,P5A-003;P5A-004;P5A-006;P5A-007;P5A-008;P5A-009;P5A-010;P5A-011;P5A-012;P5A-014;P5A-015;P5A-016;P5A-018;P5A-019;P5A-020;P5A-021;P5A-022;P5A-023;P5A-024;P5A-025;P5A-026;P5A-027;P5A-028;P5A-029;P5A-030;P5A-031;P5A-032;P5A-042,"Monthly operating flows are equal one-third allocations of the governing quarter. Retained-obligation payment includes principal and interest; the liability proxy is not amortized. Mandatory interest, retained-obligation payments and scheduled principal precede distributions. Recurring financing fees are not determinable and are excluded rather than set to zero."
ML-P-0019,proposed,2027-08-01,2027-08-31,FY2027,Q4,OP-0008,1,formula_calculated_base_case,contains_owner_reviewed_phase5_testing_assumptions,25,163.27383600205125,21.24489345200069159487413413,-3.013470668943305657468533533,0.0006020078552603843986253333333,-5.71458426007179375,0,12.51744053084085257180422593,552.5,0,0,0,552.5,28.62261882452547130918781056,0,7.06087333352602057117028743,0,21.56174549099945073801752313,-3.162317197314832000633938503,-0.66925,,not_determinable_excluded_not_zero,mandatory_before_distributions,33.68587333352602057117028743,-1.208333333333333333333333333,-0.4166666666666666666666666667,1.208333333333333333333333333,0,1.208333333333333333333333333,no,0.4166666666666666666666666667,0,0.4166666666666666666666666667,no,0,1.625,no,pending_information_buyback_while_revolver_outstanding,15.06970759359781432117028743,9.35512333352602057117028743,32.06087333352602057117028743,0,0,25,25,0,6.2,300,272.2382545090005492619824769,272.2382545090005492619824769,0,no,PASS,5,P5A-003;P5A-004;P5A-006;P5A-007;P5A-008;P5A-009;P5A-010;P5A-011;P5A-012;P5A-014;P5A-015;P5A-016;P5A-018;P5A-019;P5A-020;P5A-021;P5A-022;P5A-023;P5A-024;P5A-025;P5A-026;P5A-027;P5A-028;P5A-029;P5A-030;P5A-031;P5A-032;P5A-042,"Monthly operating flows are equal one-third allocations of the governing quarter. Retained-obligation payment includes principal and interest; the liability proxy is not amortized. Mandatory interest, retained-obligation payments and scheduled principal precede distributions. Recurring financing fees are not determinable and are excluded rather than set to zero."
ML-P-0020,proposed,2027-09-01,2027-09-30,FY2027,Q4,OP-0008,2,formula_calculated_base_case,contains_owner_reviewed_phase5_testing_assumptions,25,163.27383600205125,21.24489345200069159487413413,-3.013470668943305657468533533,0.0006020078552603843986253333333,-5.71458426007179375,0,12.51744053084085257180422593,552.5,0,0,0,552.5,21.56174549099945073801752313,0,7.09963773256945098144357599,0,14.46210775842999975657394714,-3.123552798271401590360649938,-0.66925,,not_determinable_excluded_not_zero,mandatory_before_distributions,33.72463773256945098144357599,-1.208333333333333333333333333,-0.4166666666666666666666666667,1.208333333333333333333333333,0,1.208333333333333333333333333,no,0.4166666666666666666666666667,0,0.4166666666666666666666666667,no,0,1.625,no,pending_information_buyback_while_revolver_outstanding,15.10847199264124473144357599,9.39388773256945098144357599,32.09963773256945098144357599,0,0,25,25,0,6.2,300,279.3378922415700002434260529,279.3378922415700002434260529,0,no,PASS,5,P5A-003;P5A-004;P5A-006;P5A-007;P5A-008;P5A-009;P5A-010;P5A-011;P5A-012;P5A-014;P5A-015;P5A-016;P5A-018;P5A-019;P5A-020;P5A-021;P5A-022;P5A-023;P5A-024;P5A-025;P5A-026;P5A-027;P5A-028;P5A-029;P5A-030;P5A-031;P5A-032;P5A-042,"Monthly operating flows are equal one-third allocations of the governing quarter. Retained-obligation payment includes principal and interest; the liability proxy is not amortized. Mandatory interest, retained-obligation payments and scheduled principal precede distributions. Recurring financing fees are not determinable and are excluded rather than set to zero."
ML-P-0021,proposed,2027-10-01,2027-10-31,FY2027,Q4,OP-0008,3,formula_calculated_base_case,contains_owner_reviewed_phase5_testing_assumptions,25,163.27383600205125,21.24489345200069159487413413,-3.013470668943305657468533533,0.0006020078552603843986253333333,-5.71458426007179375,0,12.51744053084085257180422593,552.5,16.25,0,0,536.25,14.46210775842999975657394714,9.11138505071147744891732452,0,0,23.57349280914147720549127166,-3.084575581552330020721550455,-0.66925,,not_determinable_excluded_not_zero,mandatory_before_distributions,17.51361494928852255108267548,-1.208333333333333333333333333,-0.4166666666666666666666666667,0,1.208333333333333333333333333,1.208333333333333333333333333,yes,0,0.4166666666666666666666666667,0.4166666666666666666666666667,yes,1.625,1.625,no,not_compliant_debt_funded_buyback,15.14744920936031630108267548,9.43286494928852255108267548,15.88861494928852255108267548,0,0,25,25,0,6.2,300,270.2265071908585227945087283,270.2265071908585227945087283,0,no,PASS,5,P5A-003;P5A-004;P5A-006;P5A-007;P5A-008;P5A-009;P5A-010;P5A-011;P5A-012;P5A-014;P5A-015;P5A-016;P5A-018;P5A-019;P5A-020;P5A-021;P5A-022;P5A-023;P5A-024;P5A-025;P5A-026;P5A-027;P5A-028;P5A-029;P5A-030;P5A-031;P5A-032;P5A-042,"Monthly operating flows are equal one-third allocations of the governing quarter. Retained-obligation payment includes principal and interest; the liability proxy is not amortized. Mandatory interest, retained-obligation payments and scheduled principal precede distributions. Recurring financing fees are not determinable and are excluded rather than set to zero."
ML-P-0022,proposed,2027-11-01,2027-11-30,FY2028,Q1,OP-0009,1,formula_calculated_base_case,contains_owner_reviewed_phase5_testing_assumptions,25,133.3379991500254164375,10.67447416006606073992207474,-0.792152877978207499455581186,0.0005084072120068605611531333333,-4.6668299702508895753125,0,5.21599971904897052571514669,536.25,0,0,0,536.25,23.57349280914147720549127166,0.04331915693743587445130347,0,0,23.61681196607891307994257513,-3.065152209319739733499783488,-0.5691666666666666666666666667,,not_determinable_excluded_not_zero,mandatory_before_distributions,26.58168084306256412554869653,-1.208333333333333333333333333,-0.4166666666666666666666666667,1.208333333333333333333333333,0,1.208333333333333333333333333,no,0.373347509729230792215363197,0.0433191569374358744513034697,0.4166666666666666666666666667,yes,0.0433191569374358744513034697,1.625,no,not_compliant_debt_funded_buyback,6.817677479980120367527863199,2.150847509729230792215363199,24.95668084306256412554869653,0,0,25,25,0,6.2,300,270.1831880339210869200574249,270.1831880339210869200574249,0,no,PASS,4,P5A-003;P5A-004;P5A-006;P5A-007;P5A-008;P5A-009;P5A-010;P5A-011;P5A-012;P5A-014;P5A-015;P5A-016;P5A-018;P5A-019;P5A-020;P5A-021;P5A-022;P5A-023;P5A-024;P5A-025;P5A-026;P5A-027;P5A-028;P5A-029;P5A-030;P5A-031;P5A-032;P5A-042,"Monthly operating flows are equal one-third allocations of the governing quarter. Retained-obligation payment includes principal and interest; the liability proxy is not amortized. Mandatory interest, retained-obligation payments and scheduled principal precede distributions. Recurring financing fees are not determinable and are excluded rather than set to zero."
ML-P-0023,proposed,2027-12-01,2027-12-31,FY2028,Q1,OP-0009,2,formula_calculated_base_case,contains_owner_reviewed_phase5_testing_assumptions,25,133.3379991500254164375,10.67447416006606073992207474,-0.792152877978207499455581186,0.0005084072120068605611531333333,-4.6668299702508895753125,0,5.21599971904897052571514669,536.25,0,0,0,536.25,23.61681196607891307994257513,0.04355698036328327384337822,0,0,23.66036894644219635378595335,-3.06539003274558713289185824,-0.5691666666666666666666666667,,not_determinable_excluded_not_zero,mandatory_before_distributions,26.58144301963671672615662178,-1.208333333333333333333333333,-0.4166666666666666666666666667,1.208333333333333333333333333,0,1.208333333333333333333333333,no,0.373109686303383392823288447,0.0435569803632832738433782197,0.4166666666666666666666666667,yes,0.0435569803632832738433782197,1.625,no,not_compliant_debt_funded_buyback,6.817439656554272968135788447,2.150609686303383392823288447,24.95644301963671672615662178,0,0,25,25,0,6.2,300,270.1396310535578036462140466,270.1396310535578036462140466,0,no,PASS,4,P5A-003;P5A-004;P5A-006;P5A-007;P5A-008;P5A-009;P5A-010;P5A-011;P5A-012;P5A-014;P5A-015;P5A-016;P5A-018;P5A-019;P5A-020;P5A-021;P5A-022;P5A-023;P5A-024;P5A-025;P5A-026;P5A-027;P5A-028;P5A-029;P5A-030;P5A-031;P5A-032;P5A-042,"Monthly operating flows are equal one-third allocations of the governing quarter. Retained-obligation payment includes principal and interest; the liability proxy is not amortized. Mandatory interest, retained-obligation payments and scheduled principal precede distributions. Recurring financing fees are not determinable and are excluded rather than set to zero."
ML-P-0024,proposed,2028-01-01,2028-01-31,FY2028,Q1,OP-0009,3,formula_calculated_base_case,contains_owner_reviewed_phase5_testing_assumptions,25,133.3379991500254164375,10.67447416006606073992207474,-0.792152877978207499455581186,0.0005084072120068605611531333333,-4.6668299702508895753125,0,5.21599971904897052571514669,536.25,16.25,0,0,520,23.66036894644219635378595335,16.29379610944657911897243757,0,0,39.95416505588877547275839092,-3.065629161828882978020917593,-0.5691666666666666666666666667,,not_determinable_excluded_not_zero,mandatory_before_distributions,10.33120389055342088102756243,-1.208333333333333333333333333,-0.4166666666666666666666666667,0,1.208333333333333333333333333,1.208333333333333333333333333,yes,0,0.4166666666666666666666666667,0.4166666666666666666666666667,yes,1.625,1.625,no,not_compliant_debt_funded_buyback,6.817200527470977123006729094,2.150370557220087547694229094,8.70620389055342088102756243,0,0,25,25,0,6.2,300,253.8458349441112245272416091,253.8458349441112245272416091,0,no,PASS,5,P5A-003;P5A-004;P5A-006;P5A-007;P5A-008;P5A-009;P5A-010;P5A-011;P5A-012;P5A-014;P5A-015;P5A-016;P5A-018;P5A-019;P5A-020;P5A-021;P5A-022;P5A-023;P5A-024;P5A-025;P5A-026;P5A-027;P5A-028;P5A-029;P5A-030;P5A-031;P5A-032;P5A-042,"Monthly operating flows are equal one-third allocations of the governing quarter. Retained-obligation payment includes principal and interest; the liability proxy is not amortized. Mandatory interest, retained-obligation payments and scheduled principal precede distributions. Recurring financing fees are not determinable and are excluded rather than set to zero."
