assumption_id,category,description,value,unit,classification,source_or_ids,rationale,sensitivity_role,limitation,review_status
P9A-001,recovery_date,primary recovery-analysis date,2027-12-31,date,calculated,STR-008;SEVERE_UNMITIGATED,First mandatory cash-interest failure in the selected severe continued-draw path.,primary_date,First mandatory cash-interest failure in the selected severe continued-draw path.,owner_reviewed
P9A-002,scenario,primary recovery scenario,SEVERE_UNMITIGATED,identifier,calculated,P7SC-STR-008-SEVERE_UNMITIGATED,Selected severe unmitigated proposed structure; not the Base case.,primary_date,Selected severe unmitigated proposed structure; not the Base case.,owner_reviewed
P9A-003,claim,term principal at recovery date,551.65625,USD_millions,calculated,Phase 7 selected monthly path,Ending term principal at the first mandatory-payment failure date.,both,Ending term principal at the first mandatory-payment failure date.,approved_upstream_calculation
P9A-004,claim,revolver principal at recovery date,293.8,USD_millions,calculated,Phase 7 selected monthly path,Ending revolver principal at the first mandatory-payment failure date.,both,Ending revolver principal at the first mandatory-payment failure date.,approved_upstream_calculation
P9A-005,claim,unpaid cash interest at recovery date,5.39512953595644479781130965,USD_millions,calculated,Phase 7 selected monthly path,Cash-interest shortfall in the first mandatory-payment failure month.,both,Cash-interest shortfall in the first mandatory-payment failure month.,owner_reviewed
P9A-006,claim,retained finance lease and other funded obligations,62.619,USD_millions,calculated,P5A-032,"Retained funded obligations included in the sensitivity; ranking, collateral priority, entity allocation and enforceability remain not determinable.",both,"Retained funded obligations included in the sensitivity; ranking, collateral priority, entity allocation and enforceability remain not determinable.",owner_reviewed
P9A-007,earnings,stressed TTM lender-base EBITDA,130.3558835302512783028345627,USD_millions,calculated,Phase 7 selected monthly path,Stress-date TTM lender EBITDA; not contractual EBITDA or a compliance certificate.,going_concern,Stress-date TTM lender EBITDA; not contractual EBITDA or a compliance certificate.,owner_reviewed
P9A-008,going_concern,low going-concern multiple,3,turns,proposed_assumption,P9D-003,Continued-operation enterprise-value sensitivity; no market evidence is asserted and a sale versus restructuring path is not selected.,going_concern_low,Continued-operation enterprise-value sensitivity; no market evidence is asserted and a sale versus restructuring path is not selected.,owner_reviewed
P9A-009,going_concern,base going-concern multiple,4,turns,proposed_assumption,P9D-003,Continued-operation enterprise-value sensitivity; no market evidence is asserted and a sale versus restructuring path is not selected.,going_concern_base,Continued-operation enterprise-value sensitivity; no market evidence is asserted and a sale versus restructuring path is not selected.,owner_reviewed
P9A-010,going_concern,high going-concern multiple,5,turns,proposed_assumption,P9D-003,Continued-operation enterprise-value sensitivity; no market evidence is asserted and a sale versus restructuring path is not selected.,going_concern_high,Continued-operation enterprise-value sensitivity; no market evidence is asserted and a sale versus restructuring path is not selected.,owner_reviewed
P9A-011,cost,going-concern realization cost,10,percent,proposed_assumption,P9D-004,Deducted once from gross enterprise value.,going_concern,Deducted once from gross enterprise value.,owner_reviewed
P9A-012,cost,asset-realization cost,15,percent,proposed_assumption,P9D-008,Deducted once from gross illustrative asset proceeds.,asset_realization,Deducted once from gross illustrative asset proceeds.,owner_reviewed
P9A-013,deduction,other-funded-obligations deduction used for conservative sensitivity,62.619,USD_millions,proposed_assumption,P9D-011,"Deducted once so retained finance leases and other funded obligations are not ignored. It is not evidence that the amount legally ranks ahead of the bank facilities; ranking, collateral priority, entity allocation and enforceability remain not determinable.",both,"Deducted once so retained finance leases and other funded obligations are not ignored. It is not evidence that the amount legally ranks ahead of the bank facilities; ranking, collateral priority, entity allocation and enforceability remain not determinable.",owner_reviewed
P9A-014,access,full consolidated-access ceiling case,100,percent,proposed_assumption,P9D-012,"Gross mechanical upper-bound sensitivity only. Full consolidated access is not expected lender access; entity-level, foreign-asset, guarantor, collateral and legal accessibility remain not determinable.",asset_realization,"Gross mechanical upper-bound sensitivity only. Full consolidated access is not expected lender access; entity-level, foreign-asset, guarantor, collateral and legal accessibility remain not determinable.",owner_reviewed
P9A-015,access,cash realization credit,0,percent,proposed_assumption,P9D-009,Explicit zero credit pending entity-level accessibility evidence; not a claim that cash has no value.,asset_realization,Explicit zero credit pending entity-level accessibility evidence; not a claim that cash has no value.,owner_reviewed
P9A-016,asset,receivables realization low,50,percent,proposed_assumption,P9D-005,Illustrative; not an eligibility or collectability conclusion.,asset_low,Illustrative; not an eligibility or collectability conclusion.,owner_reviewed
P9A-017,asset,receivables realization base,70,percent,proposed_assumption,P9D-005,Illustrative; not an eligibility or collectability conclusion.,asset_base,Illustrative; not an eligibility or collectability conclusion.,owner_reviewed
P9A-018,asset,receivables realization high,85,percent,proposed_assumption,P9D-005,Illustrative; not an eligibility or collectability conclusion.,asset_high,Illustrative; not an eligibility or collectability conclusion.,owner_reviewed
P9A-019,asset,inventory realization low,20,percent,proposed_assumption,P9D-006,Illustrative; no inventory appraisal or saleability analysis is available.,asset_low,Illustrative; no inventory appraisal or saleability analysis is available.,owner_reviewed
P9A-020,asset,inventory realization base,40,percent,proposed_assumption,P9D-006,Illustrative; no inventory appraisal or saleability analysis is available.,asset_base,Illustrative; no inventory appraisal or saleability analysis is available.,owner_reviewed
P9A-021,asset,inventory realization high,60,percent,proposed_assumption,P9D-006,Illustrative; no inventory appraisal or saleability analysis is available.,asset_high,Illustrative; no inventory appraisal or saleability analysis is available.,owner_reviewed
P9A-022,asset,PP&E realization low,20,percent,proposed_assumption,P9D-007,Illustrative; consolidated book PP&E is not an appraisal or collateral schedule.,asset_low,Illustrative; consolidated book PP&E is not an appraisal or collateral schedule.,owner_reviewed
P9A-023,asset,PP&E realization base,40,percent,proposed_assumption,P9D-007,Illustrative; consolidated book PP&E is not an appraisal or collateral schedule.,asset_base,Illustrative; consolidated book PP&E is not an appraisal or collateral schedule.,owner_reviewed
P9A-024,asset,PP&E realization high,60,percent,proposed_assumption,P9D-007,Illustrative; consolidated book PP&E is not an appraisal or collateral schedule.,asset_high,Illustrative; consolidated book PP&E is not an appraisal or collateral schedule.,owner_reviewed
P9A-025,priority,bank claim allocation,pari_passu_pro_rata,text,proposed_assumption,P9D-013,Illustrative term/revolver/unpaid-interest allocation only; final legal priority is not known.,both,Illustrative term/revolver/unpaid-interest allocation only; final legal priority is not known.,owner_reviewed
P9A-026,conclusion,official facility recovery,N/D,status,not_determinable,GAP-001;GAP-002;GAP-004,"Missing guarantor, collateral, lien, priority, appraisal, access, and claims evidence prevents an official percentage.",official,"Missing guarantor, collateral, lien, priority, appraisal, access, and claims evidence prevents an official percentage.",not_determinable
P9A-027,maturity,maturity sensitivity date,2031-01-31,date,calculated,P7UM-008,Separate refinancing exposure sensitivity; not the primary default date.,maturity,Separate refinancing exposure sensitivity; not the primary default date.,owner_reviewed
P9A-028,maturity,maturity bank claim before cash,339.5828318477667587005235116,USD_millions,calculated,P7UM-008,Bank maturity payment due before modeled cash application.,maturity,Bank maturity payment due before modeled cash application.,approved_upstream_calculation
